common/src/main/java/com/intellij/plugins/haxe/config/sdk/HaxeSdkAdditionalDataBase.java	done
common/src/main/java/com/intellij/plugins/haxe/config/sdk/impl/HaxeSdkAdditionalDataBaseImpl.java	done
debuggers/browser-debugger/src/main/java/com/intellij/plugins/haxe/runner/debugger/browser/AdapterPin.java	done
debuggers/browser-debugger/src/main/java/com/intellij/plugins/haxe/runner/debugger/browser/AdapterStore.java	done
debuggers/browser-debugger/src/main/java/com/intellij/plugins/haxe/runner/debugger/browser/BrowserAdapterLauncher.java	done
debuggers/browser-debugger/src/main/java/com/intellij/plugins/haxe/runner/debugger/browser/ContentHttpServer.java	done
debuggers/browser-debugger/src/main/java/com/intellij/plugins/haxe/runner/debugger/browser/JsDebugSessionMux.java	done
debuggers/browser-debugger/src/test/java/com/intellij/plugins/haxe/runner/debugger/browser/AdapterStoreTest.java	done
debuggers/browser-debugger/src/test/java/com/intellij/plugins/haxe/runner/debugger/browser/ContentHttpServerTest.java	done
debuggers/browser-debugger/src/test/java/com/intellij/plugins/haxe/runner/debugger/browser/FirefoxAdapterLiveProbe.java	done
debuggers/browser-debugger/src/test/java/com/intellij/plugins/haxe/runner/debugger/browser/JsDebugAdapterLiveProbe.java	done
debuggers/browser-debugger/src/test/java/com/intellij/plugins/haxe/runner/debugger/browser/LiveProbeUtil.java	done
debuggers/compat-matrix/src/main/java/com/intellij/plugins/haxe/matrix/GradleRunner.java	done
debuggers/compat-matrix/src/main/java/com/intellij/plugins/haxe/matrix/Log.java	done
debuggers/compat-matrix/src/main/java/com/intellij/plugins/haxe/matrix/MatrixMain.java	done
debuggers/compat-matrix/src/main/java/com/intellij/plugins/haxe/matrix/Platform.java	done
debuggers/compat-matrix/src/main/java/com/intellij/plugins/haxe/matrix/Provisioner.java	done
debuggers/compat-matrix/src/main/java/com/intellij/plugins/haxe/matrix/Report.java	done
debuggers/compat-matrix/src/main/java/com/intellij/plugins/haxe/matrix/Results.java	done
debuggers/compat-matrix/src/main/java/com/intellij/plugins/haxe/matrix/TestEventTail.java	done
debuggers/compat-matrix/src/main/java/com/intellij/plugins/haxe/matrix/VersionManifest.java	done
debuggers/dap-protocol/src/main/haxe/ijhaxe/dap/protocol/Breakpoint.hx	done
debuggers/dap-protocol/src/main/haxe/ijhaxe/dap/protocol/Capabilities.hx	done
debuggers/dap-protocol/src/main/haxe/ijhaxe/dap/protocol/Event.hx	done
debuggers/dap-protocol/src/main/haxe/ijhaxe/dap/protocol/ProtocolMessage.hx	done
debuggers/dap-protocol/src/main/haxe/ijhaxe/dap/protocol/Request.hx	done
debuggers/dap-protocol/src/main/haxe/ijhaxe/dap/protocol/Response.hx	done
debuggers/dap-protocol/src/main/haxe/ijhaxe/dap/protocol/Scope.hx	done
debuggers/dap-protocol/src/main/haxe/ijhaxe/dap/protocol/Source.hx	done
debuggers/dap-protocol/src/main/haxe/ijhaxe/dap/protocol/SourceBreakpoint.hx	done
debuggers/dap-protocol/src/main/haxe/ijhaxe/dap/protocol/StackFrame.hx	done
debuggers/dap-protocol/src/main/haxe/ijhaxe/dap/protocol/ThreadInfo.hx	done
debuggers/dap-protocol/src/main/haxe/ijhaxe/dap/protocol/Variable.hx	done
debuggers/dap-protocol/src/main/haxe/ijhaxe/dap/protocol/events/BreakpointEventBody.hx	done
debuggers/dap-protocol/src/main/haxe/ijhaxe/dap/protocol/events/ExitedEventBody.hx	done
debuggers/dap-protocol/src/main/haxe/ijhaxe/dap/protocol/events/OutputEventBody.hx	done
debuggers/dap-protocol/src/main/haxe/ijhaxe/dap/protocol/events/StoppedEventBody.hx	done
debuggers/dap-protocol/src/main/haxe/ijhaxe/dap/protocol/requests/ContinueArguments.hx	done
debuggers/dap-protocol/src/main/haxe/ijhaxe/dap/protocol/requests/EvaluateArguments.hx	done
debuggers/dap-protocol/src/main/haxe/ijhaxe/dap/protocol/requests/InitializeRequestArguments.hx	done
debuggers/dap-protocol/src/main/haxe/ijhaxe/dap/protocol/requests/LaunchRequestArguments.hx	done
debuggers/dap-protocol/src/main/haxe/ijhaxe/dap/protocol/requests/NextArguments.hx	done
debuggers/dap-protocol/src/main/haxe/ijhaxe/dap/protocol/requests/PauseArguments.hx	done
debuggers/dap-protocol/src/main/haxe/ijhaxe/dap/protocol/requests/ScopesArguments.hx	done
debuggers/dap-protocol/src/main/haxe/ijhaxe/dap/protocol/requests/SetBreakpointsArguments.hx	done
debuggers/dap-protocol/src/main/haxe/ijhaxe/dap/protocol/requests/SetExceptionBreakpointsArguments.hx	done
debuggers/dap-protocol/src/main/haxe/ijhaxe/dap/protocol/requests/SetVariableArguments.hx	done
debuggers/dap-protocol/src/main/haxe/ijhaxe/dap/protocol/requests/StackTraceArguments.hx	done
debuggers/dap-protocol/src/main/haxe/ijhaxe/dap/protocol/requests/StepInArguments.hx	done
debuggers/dap-protocol/src/main/haxe/ijhaxe/dap/protocol/requests/StepInTargetsArguments.hx	done
debuggers/dap-protocol/src/main/haxe/ijhaxe/dap/protocol/requests/StepOutArguments.hx	done
debuggers/dap-protocol/src/main/haxe/ijhaxe/dap/protocol/requests/VariablesArguments.hx	done
debuggers/dap-protocol/src/main/haxe/ijhaxe/dap/protocol/responses/ContinueResponseBody.hx	done
debuggers/dap-protocol/src/main/haxe/ijhaxe/dap/protocol/responses/ErrorResponseBody.hx	done
debuggers/dap-protocol/src/main/haxe/ijhaxe/dap/protocol/responses/EvaluateResponseBody.hx	done
debuggers/dap-protocol/src/main/haxe/ijhaxe/dap/protocol/responses/Message.hx	done
debuggers/dap-protocol/src/main/haxe/ijhaxe/dap/protocol/responses/ScopesResponseBody.hx	done
debuggers/dap-protocol/src/main/haxe/ijhaxe/dap/protocol/responses/SetBreakpointsResponseBody.hx	done
debuggers/dap-protocol/src/main/haxe/ijhaxe/dap/protocol/responses/StackTraceResponseBody.hx	done
debuggers/dap-protocol/src/main/haxe/ijhaxe/dap/protocol/responses/StepInTargetsResponseBody.hx	done
debuggers/dap-protocol/src/main/haxe/ijhaxe/dap/protocol/responses/ThreadsResponseBody.hx	done
debuggers/dap-protocol/src/main/haxe/ijhaxe/dap/protocol/responses/VariablesResponseBody.hx	done
debuggers/dap-protocol/src/main/java/com/intellij/plugins/haxe/runner/debugger/dap/DapJson.java	done
debuggers/dap-protocol/src/main/java/com/intellij/plugins/haxe/runner/debugger/dap/DapPaths.java	done
debuggers/dap-protocol/src/main/java/com/intellij/plugins/haxe/runner/debugger/dap/EvaluationPath.java	done
debuggers/dap-protocol/src/main/java/com/intellij/plugins/haxe/runner/debugger/dap/client/DapClient.java	done
debuggers/dap-protocol/src/main/java/com/intellij/plugins/haxe/runner/debugger/dap/client/DapEndpoint.java	done
debuggers/dap-protocol/src/main/java/com/intellij/plugins/haxe/runner/debugger/dap/protocol/Breakpoint.java	done
debuggers/dap-protocol/src/main/java/com/intellij/plugins/haxe/runner/debugger/dap/protocol/Capabilities.java	done
debuggers/dap-protocol/src/main/java/com/intellij/plugins/haxe/runner/debugger/dap/protocol/CompletionItem.java	done
debuggers/dap-protocol/src/main/java/com/intellij/plugins/haxe/runner/debugger/dap/protocol/DapThread.java	done
debuggers/dap-protocol/src/main/java/com/intellij/plugins/haxe/runner/debugger/dap/protocol/Event.java	done
debuggers/dap-protocol/src/main/java/com/intellij/plugins/haxe/runner/debugger/dap/protocol/ProtocolMessage.java	done
debuggers/dap-protocol/src/main/java/com/intellij/plugins/haxe/runner/debugger/dap/protocol/Request.java	done
debuggers/dap-protocol/src/main/java/com/intellij/plugins/haxe/runner/debugger/dap/protocol/Response.java	done
debuggers/dap-protocol/src/main/java/com/intellij/plugins/haxe/runner/debugger/dap/protocol/Scope.java	done
debuggers/dap-protocol/src/main/java/com/intellij/plugins/haxe/runner/debugger/dap/protocol/Source.java	done
debuggers/dap-protocol/src/main/java/com/intellij/plugins/haxe/runner/debugger/dap/protocol/SourceBreakpoint.java	done
debuggers/dap-protocol/src/main/java/com/intellij/plugins/haxe/runner/debugger/dap/protocol/StackFrame.java	done
debuggers/dap-protocol/src/main/java/com/intellij/plugins/haxe/runner/debugger/dap/protocol/StepInTarget.java	done
debuggers/dap-protocol/src/main/java/com/intellij/plugins/haxe/runner/debugger/dap/protocol/Variable.java	done
debuggers/dap-protocol/src/main/java/com/intellij/plugins/haxe/runner/debugger/dap/protocol/VariableKind.java	done
debuggers/dap-protocol/src/main/java/com/intellij/plugins/haxe/runner/debugger/dap/protocol/events/BreakpointEvent.java	done
debuggers/dap-protocol/src/main/java/com/intellij/plugins/haxe/runner/debugger/dap/protocol/events/BreakpointEventBody.java	done
debuggers/dap-protocol/src/main/java/com/intellij/plugins/haxe/runner/debugger/dap/protocol/events/ContinuedEvent.java	done
debuggers/dap-protocol/src/main/java/com/intellij/plugins/haxe/runner/debugger/dap/protocol/events/ContinuedEventBody.java	done
debuggers/dap-protocol/src/main/java/com/intellij/plugins/haxe/runner/debugger/dap/protocol/events/ExitedEvent.java	done
debuggers/dap-protocol/src/main/java/com/intellij/plugins/haxe/runner/debugger/dap/protocol/events/ExitedEventBody.java	done
debuggers/dap-protocol/src/main/java/com/intellij/plugins/haxe/runner/debugger/dap/protocol/events/InitializedEvent.java	done
debuggers/dap-protocol/src/main/java/com/intellij/plugins/haxe/runner/debugger/dap/protocol/events/OutputEvent.java	done
debuggers/dap-protocol/src/main/java/com/intellij/plugins/haxe/runner/debugger/dap/protocol/events/OutputEventBody.java	done
debuggers/dap-protocol/src/main/java/com/intellij/plugins/haxe/runner/debugger/dap/protocol/events/StoppedEvent.java	done
debuggers/dap-protocol/src/main/java/com/intellij/plugins/haxe/runner/debugger/dap/protocol/events/StoppedEventBody.java	done
debuggers/dap-protocol/src/main/java/com/intellij/plugins/haxe/runner/debugger/dap/protocol/events/TerminatedEvent.java	done
debuggers/dap-protocol/src/main/java/com/intellij/plugins/haxe/runner/debugger/dap/protocol/events/ThreadEvent.java	done
debuggers/dap-protocol/src/main/java/com/intellij/plugins/haxe/runner/debugger/dap/protocol/events/ThreadEventBody.java	done
debuggers/dap-protocol/src/main/java/com/intellij/plugins/haxe/runner/debugger/dap/protocol/requests/CompletionsArguments.java	done
debuggers/dap-protocol/src/main/java/com/intellij/plugins/haxe/runner/debugger/dap/protocol/requests/CompletionsRequest.java	done
debuggers/dap-protocol/src/main/java/com/intellij/plugins/haxe/runner/debugger/dap/protocol/requests/ConfigurationDoneRequest.java	done
debuggers/dap-protocol/src/main/java/com/intellij/plugins/haxe/runner/debugger/dap/protocol/requests/ConfiguredLaunchRequest.java	done
debuggers/dap-protocol/src/main/java/com/intellij/plugins/haxe/runner/debugger/dap/protocol/requests/ContinueArguments.java	done
debuggers/dap-protocol/src/main/java/com/intellij/plugins/haxe/runner/debugger/dap/protocol/requests/ContinueRequest.java	done
debuggers/dap-protocol/src/main/java/com/intellij/plugins/haxe/runner/debugger/dap/protocol/requests/DisconnectRequest.java	done
debuggers/dap-protocol/src/main/java/com/intellij/plugins/haxe/runner/debugger/dap/protocol/requests/EvaluateArguments.java	done
debuggers/dap-protocol/src/main/java/com/intellij/plugins/haxe/runner/debugger/dap/protocol/requests/EvaluateRequest.java	done
debuggers/dap-protocol/src/main/java/com/intellij/plugins/haxe/runner/debugger/dap/protocol/requests/ExceptionInfoArguments.java	done
debuggers/dap-protocol/src/main/java/com/intellij/plugins/haxe/runner/debugger/dap/protocol/requests/ExceptionInfoRequest.java	done
debuggers/dap-protocol/src/main/java/com/intellij/plugins/haxe/runner/debugger/dap/protocol/requests/InitializeRequest.java	done
debuggers/dap-protocol/src/main/java/com/intellij/plugins/haxe/runner/debugger/dap/protocol/requests/InitializeRequestArguments.java	done
debuggers/dap-protocol/src/main/java/com/intellij/plugins/haxe/runner/debugger/dap/protocol/requests/LaunchRequest.java	done
debuggers/dap-protocol/src/main/java/com/intellij/plugins/haxe/runner/debugger/dap/protocol/requests/LaunchRequestArguments.java	done
debuggers/dap-protocol/src/main/java/com/intellij/plugins/haxe/runner/debugger/dap/protocol/requests/NextArguments.java	done
debuggers/dap-protocol/src/main/java/com/intellij/plugins/haxe/runner/debugger/dap/protocol/requests/NextRequest.java	done
debuggers/dap-protocol/src/main/java/com/intellij/plugins/haxe/runner/debugger/dap/protocol/requests/PauseArguments.java	done
debuggers/dap-protocol/src/main/java/com/intellij/plugins/haxe/runner/debugger/dap/protocol/requests/PauseRequest.java	done
debuggers/dap-protocol/src/main/java/com/intellij/plugins/haxe/runner/debugger/dap/protocol/requests/ScopesArguments.java	done
debuggers/dap-protocol/src/main/java/com/intellij/plugins/haxe/runner/debugger/dap/protocol/requests/ScopesRequest.java	done
debuggers/dap-protocol/src/main/java/com/intellij/plugins/haxe/runner/debugger/dap/protocol/requests/SetBreakpointsArguments.java	done
debuggers/dap-protocol/src/main/java/com/intellij/plugins/haxe/runner/debugger/dap/protocol/requests/SetBreakpointsRequest.java	done
debuggers/dap-protocol/src/main/java/com/intellij/plugins/haxe/runner/debugger/dap/protocol/requests/SetExceptionBreakpointsArguments.java	done
debuggers/dap-protocol/src/main/java/com/intellij/plugins/haxe/runner/debugger/dap/protocol/requests/SetExceptionBreakpointsRequest.java	done
debuggers/dap-protocol/src/main/java/com/intellij/plugins/haxe/runner/debugger/dap/protocol/requests/SetExpressionSteppingArguments.java	done
debuggers/dap-protocol/src/main/java/com/intellij/plugins/haxe/runner/debugger/dap/protocol/requests/SetExpressionSteppingRequest.java	done
debuggers/dap-protocol/src/main/java/com/intellij/plugins/haxe/runner/debugger/dap/protocol/requests/SetToStringRenderingArguments.java	done
debuggers/dap-protocol/src/main/java/com/intellij/plugins/haxe/runner/debugger/dap/protocol/requests/SetToStringRenderingRequest.java	done
debuggers/dap-protocol/src/main/java/com/intellij/plugins/haxe/runner/debugger/dap/protocol/requests/SetVariableArguments.java	done
debuggers/dap-protocol/src/main/java/com/intellij/plugins/haxe/runner/debugger/dap/protocol/requests/SetVariableRequest.java	done
debuggers/dap-protocol/src/main/java/com/intellij/plugins/haxe/runner/debugger/dap/protocol/requests/StackTraceArguments.java	done
debuggers/dap-protocol/src/main/java/com/intellij/plugins/haxe/runner/debugger/dap/protocol/requests/StackTraceRequest.java	done
debuggers/dap-protocol/src/main/java/com/intellij/plugins/haxe/runner/debugger/dap/protocol/requests/StartDebuggingRequest.java	done
debuggers/dap-protocol/src/main/java/com/intellij/plugins/haxe/runner/debugger/dap/protocol/requests/StepInArguments.java	done
debuggers/dap-protocol/src/main/java/com/intellij/plugins/haxe/runner/debugger/dap/protocol/requests/StepInRequest.java	done
debuggers/dap-protocol/src/main/java/com/intellij/plugins/haxe/runner/debugger/dap/protocol/requests/StepInTargetsArguments.java	done
debuggers/dap-protocol/src/main/java/com/intellij/plugins/haxe/runner/debugger/dap/protocol/requests/StepInTargetsRequest.java	done
debuggers/dap-protocol/src/main/java/com/intellij/plugins/haxe/runner/debugger/dap/protocol/requests/StepIntoFunctionArguments.java	done
debuggers/dap-protocol/src/main/java/com/intellij/plugins/haxe/runner/debugger/dap/protocol/requests/StepIntoFunctionRequest.java	done
debuggers/dap-protocol/src/main/java/com/intellij/plugins/haxe/runner/debugger/dap/protocol/requests/StepOutArguments.java	done
debuggers/dap-protocol/src/main/java/com/intellij/plugins/haxe/runner/debugger/dap/protocol/requests/StepOutRequest.java	done
debuggers/dap-protocol/src/main/java/com/intellij/plugins/haxe/runner/debugger/dap/protocol/requests/ThreadsRequest.java	done
debuggers/dap-protocol/src/main/java/com/intellij/plugins/haxe/runner/debugger/dap/protocol/requests/VariablesArguments.java	done
debuggers/dap-protocol/src/main/java/com/intellij/plugins/haxe/runner/debugger/dap/protocol/requests/VariablesRequest.java	done
debuggers/dap-protocol/src/main/java/com/intellij/plugins/haxe/runner/debugger/dap/protocol/responses/CompletionsResponse.java	done
debuggers/dap-protocol/src/main/java/com/intellij/plugins/haxe/runner/debugger/dap/protocol/responses/CompletionsResponseBody.java	done
debuggers/dap-protocol/src/main/java/com/intellij/plugins/haxe/runner/debugger/dap/protocol/responses/ConfigurationDoneResponse.java	done
debuggers/dap-protocol/src/main/java/com/intellij/plugins/haxe/runner/debugger/dap/protocol/responses/ContinueResponse.java	done
debuggers/dap-protocol/src/main/java/com/intellij/plugins/haxe/runner/debugger/dap/protocol/responses/ContinueResponseBody.java	done
debuggers/dap-protocol/src/main/java/com/intellij/plugins/haxe/runner/debugger/dap/protocol/responses/DebugErrorCode.java	done
debuggers/dap-protocol/src/main/java/com/intellij/plugins/haxe/runner/debugger/dap/protocol/responses/DisconnectResponse.java	done
debuggers/dap-protocol/src/main/java/com/intellij/plugins/haxe/runner/debugger/dap/protocol/responses/ErrorMessage.java	done
debuggers/dap-protocol/src/main/java/com/intellij/plugins/haxe/runner/debugger/dap/protocol/responses/ErrorResponse.java	done
debuggers/dap-protocol/src/main/java/com/intellij/plugins/haxe/runner/debugger/dap/protocol/responses/ErrorResponseBody.java	done
debuggers/dap-protocol/src/main/java/com/intellij/plugins/haxe/runner/debugger/dap/protocol/responses/EvaluateResponse.java	done
debuggers/dap-protocol/src/main/java/com/intellij/plugins/haxe/runner/debugger/dap/protocol/responses/EvaluateResponseBody.java	done
debuggers/dap-protocol/src/main/java/com/intellij/plugins/haxe/runner/debugger/dap/protocol/responses/ExceptionInfoResponse.java	done
debuggers/dap-protocol/src/main/java/com/intellij/plugins/haxe/runner/debugger/dap/protocol/responses/ExceptionInfoResponseBody.java	done
debuggers/dap-protocol/src/main/java/com/intellij/plugins/haxe/runner/debugger/dap/protocol/responses/InitializeResponse.java	done
debuggers/dap-protocol/src/main/java/com/intellij/plugins/haxe/runner/debugger/dap/protocol/responses/LaunchResponse.java	done
debuggers/dap-protocol/src/main/java/com/intellij/plugins/haxe/runner/debugger/dap/protocol/responses/NextResponse.java	done
debuggers/dap-protocol/src/main/java/com/intellij/plugins/haxe/runner/debugger/dap/protocol/responses/PauseResponse.java	done
debuggers/dap-protocol/src/main/java/com/intellij/plugins/haxe/runner/debugger/dap/protocol/responses/ScopesResponse.java	done
debuggers/dap-protocol/src/main/java/com/intellij/plugins/haxe/runner/debugger/dap/protocol/responses/ScopesResponseBody.java	done
debuggers/dap-protocol/src/main/java/com/intellij/plugins/haxe/runner/debugger/dap/protocol/responses/SetBreakpointsResponse.java	done
debuggers/dap-protocol/src/main/java/com/intellij/plugins/haxe/runner/debugger/dap/protocol/responses/SetBreakpointsResponseBody.java	done
debuggers/dap-protocol/src/main/java/com/intellij/plugins/haxe/runner/debugger/dap/protocol/responses/SetExceptionBreakpointsResponse.java	done
debuggers/dap-protocol/src/main/java/com/intellij/plugins/haxe/runner/debugger/dap/protocol/responses/SetVariableResponse.java	done
debuggers/dap-protocol/src/main/java/com/intellij/plugins/haxe/runner/debugger/dap/protocol/responses/SetVariableResponseBody.java	done
debuggers/dap-protocol/src/main/java/com/intellij/plugins/haxe/runner/debugger/dap/protocol/responses/StackTraceResponse.java	done
debuggers/dap-protocol/src/main/java/com/intellij/plugins/haxe/runner/debugger/dap/protocol/responses/StackTraceResponseBody.java	done
debuggers/dap-protocol/src/main/java/com/intellij/plugins/haxe/runner/debugger/dap/protocol/responses/StepInResponse.java	done
debuggers/dap-protocol/src/main/java/com/intellij/plugins/haxe/runner/debugger/dap/protocol/responses/StepInTargetsResponse.java	done
debuggers/dap-protocol/src/main/java/com/intellij/plugins/haxe/runner/debugger/dap/protocol/responses/StepInTargetsResponseBody.java	done
debuggers/dap-protocol/src/main/java/com/intellij/plugins/haxe/runner/debugger/dap/protocol/responses/StepOutResponse.java	done
debuggers/dap-protocol/src/main/java/com/intellij/plugins/haxe/runner/debugger/dap/protocol/responses/ThreadsResponse.java	done
debuggers/dap-protocol/src/main/java/com/intellij/plugins/haxe/runner/debugger/dap/protocol/responses/ThreadsResponseBody.java	done
debuggers/dap-protocol/src/main/java/com/intellij/plugins/haxe/runner/debugger/dap/protocol/responses/VariablesResponse.java	done
debuggers/dap-protocol/src/main/java/com/intellij/plugins/haxe/runner/debugger/dap/protocol/responses/VariablesResponseBody.java	done
debuggers/dap-protocol/src/main/java/com/intellij/plugins/haxe/runner/debugger/dap/transport/DapConnection.java	done
debuggers/dap-protocol/src/main/java/com/intellij/plugins/haxe/runner/debugger/dap/transport/DapFraming.java	done
debuggers/dap-protocol/src/test/java/com/intellij/plugins/haxe/runner/debugger/dap/DapJsonTest.java	done
debuggers/dap-protocol/src/test/java/com/intellij/plugins/haxe/runner/debugger/dap/EvaluationPathTest.java	done
debuggers/dap-protocol/src/test/java/com/intellij/plugins/haxe/runner/debugger/dap/client/DapClientTest.java	done
debuggers/dap-protocol/src/test/java/com/intellij/plugins/haxe/runner/debugger/dap/transport/DapFramingTest.java	done
debuggers/eval-debugger/src/main/java/com/intellij/plugins/haxe/runner/debugger/eval/EvalConnection.java	done
debuggers/eval-debugger/src/main/java/com/intellij/plugins/haxe/runner/debugger/eval/EvalConnectionClosedException.java	done
debuggers/eval-debugger/src/main/java/com/intellij/plugins/haxe/runner/debugger/eval/EvalDebugAdapter.java	done
debuggers/eval-debugger/src/main/java/com/intellij/plugins/haxe/runner/debugger/eval/EvalFraming.java	done
debuggers/eval-debugger/src/main/java/com/intellij/plugins/haxe/runner/debugger/eval/EvalProtocol.java	done
debuggers/eval-debugger/src/main/java/com/intellij/plugins/haxe/runner/debugger/eval/EvalProtocolException.java	done
debuggers/eval-debugger/src/test/java/com/intellij/plugins/haxe/runner/debugger/eval/EvalConnectionTest.java	done
debuggers/eval-debugger/src/test/java/com/intellij/plugins/haxe/runner/debugger/eval/EvalDebugAdapterLiveTest.java	done
debuggers/eval-debugger/src/test/java/com/intellij/plugins/haxe/runner/debugger/eval/EvalDebugAdapterTest.java	done
debuggers/eval-debugger/src/test/java/com/intellij/plugins/haxe/runner/debugger/eval/EvalExceptionLiveTest.java	done
debuggers/eval-debugger/src/test/java/com/intellij/plugins/haxe/runner/debugger/eval/EvalFramingTest.java	done
debuggers/eval-debugger/src/test/java/com/intellij/plugins/haxe/runner/debugger/eval/EvalLiveTest.java	done
debuggers/eval-debugger/src/test/java/com/intellij/plugins/haxe/runner/debugger/eval/EvalLiveTestBase.java	done
debuggers/eval-debugger/src/test/java/com/intellij/plugins/haxe/runner/debugger/eval/EvalObjectThrowLiveTest.java	done
debuggers/eval-debugger/src/test/java/com/intellij/plugins/haxe/runner/debugger/eval/EvalStepBreakpointLiveTest.java	done
debuggers/eval-debugger/src/test/java/com/intellij/plugins/haxe/runner/debugger/eval/EvalStepExceptionLiveTest.java	done
debuggers/eval-debugger/test-fixtures/EvalMain.hx	done
debuggers/eval-debugger/test-fixtures/EvalStepBp.hx	done
debuggers/eval-debugger/test-fixtures/EvalThrow.hx	done
debuggers/eval-debugger/test-fixtures/EvalThrowObj.hx	done
debuggers/hashlink-debug-adapter/src/main/haxe/ijhaxe/adapter/DebugAdapter.hx	done
debuggers/hashlink-debug-adapter/src/main/haxe/ijhaxe/adapter/Main.hx	done
debuggers/hashlink-debug-adapter/src/main/haxe/ijhaxe/adapter/RequestDispatcher.hx	done
debuggers/hashlink-debug-adapter/src/main/haxe/ijhaxe/adapter/WorkerMessage.hx	done
debuggers/hashlink-debug-adapter/src/main/haxe/ijhaxe/dap/transport/FrameCodec.hx	done
debuggers/hashlink-debug-adapter/src/main/haxe/ijhaxe/dap/transport/MessageReader.hx	done
debuggers/hashlink-debug-adapter/src/main/haxe/ijhaxe/dap/transport/MessageWriter.hx	done
debuggers/hashlink-debug-adapter/src/main/haxe/ijhaxe/dap/transport/TransportError.hx	done
debuggers/hashlink-debug-adapter/src/main/haxe/ijhaxe/debug/DebugError.hx	done
debuggers/hashlink-debug-adapter/src/main/haxe/ijhaxe/debug/DebugErrorCode.hx	done
debuggers/hashlink-debug-adapter/src/main/haxe/ijhaxe/debug/HostPlatform.hx	done
debuggers/hashlink-debug-adapter/src/main/haxe/ijhaxe/debug/Pointer.hx	done
debuggers/hashlink-debug-adapter/src/main/haxe/ijhaxe/debug/Trace.hx	done
debuggers/hashlink-debug-adapter/src/main/haxe/ijhaxe/debug/breakpoints/BreakpointLocation.hx	done
debuggers/hashlink-debug-adapter/src/main/haxe/ijhaxe/debug/breakpoints/BreakpointPlanner.hx	done
debuggers/hashlink-debug-adapter/src/main/haxe/ijhaxe/debug/breakpoints/BreakpointResult.hx	done
debuggers/hashlink-debug-adapter/src/main/haxe/ijhaxe/debug/breakpoints/Breakpoints.hx	done
debuggers/hashlink-debug-adapter/src/main/haxe/ijhaxe/debug/breakpoints/PatchedBreakpoint.hx	done
debuggers/hashlink-debug-adapter/src/main/haxe/ijhaxe/debug/breakpoints/RequestedBreakpoint.hx	done
debuggers/hashlink-debug-adapter/src/main/haxe/ijhaxe/debug/eval/EvalValue.hx	done
debuggers/hashlink-debug-adapter/src/main/haxe/ijhaxe/debug/eval/ExprAst.hx	done
debuggers/hashlink-debug-adapter/src/main/haxe/ijhaxe/debug/eval/ExprParser.hx	done
debuggers/hashlink-debug-adapter/src/main/haxe/ijhaxe/debug/eval/Operators.hx	done
debuggers/hashlink-debug-adapter/src/main/haxe/ijhaxe/debug/eval/call/BoxResolver.hx	done
debuggers/hashlink-debug-adapter/src/main/haxe/ijhaxe/debug/eval/call/CallArg.hx	done
debuggers/hashlink-debug-adapter/src/main/haxe/ijhaxe/debug/eval/call/CallTrampoline.hx	done
debuggers/hashlink-debug-adapter/src/main/haxe/ijhaxe/debug/eval/call/ConstructorResolver.hx	done
debuggers/hashlink-debug-adapter/src/main/haxe/ijhaxe/debug/eval/call/ConstructorSite.hx	done
debuggers/hashlink-debug-adapter/src/main/haxe/ijhaxe/debug/eval/call/MachineCode.hx	done
debuggers/hashlink-debug-adapter/src/main/haxe/ijhaxe/debug/eval/call/NativeResolver.hx	done
debuggers/hashlink-debug-adapter/src/main/haxe/ijhaxe/debug/eval/call/X64CallEmitter.hx	done
debuggers/hashlink-debug-adapter/src/main/haxe/ijhaxe/debug/eval/call/X86CallEmitter.hx	done
debuggers/hashlink-debug-adapter/src/main/haxe/ijhaxe/debug/inspect/CachedFrame.hx	done
debuggers/hashlink-debug-adapter/src/main/haxe/ijhaxe/debug/inspect/CpuRegisters.hx	done
debuggers/hashlink-debug-adapter/src/main/haxe/ijhaxe/debug/inspect/DebuggeeCallService.hx	done
debuggers/hashlink-debug-adapter/src/main/haxe/ijhaxe/debug/inspect/ExpressionEvaluator.hx	done
debuggers/hashlink-debug-adapter/src/main/haxe/ijhaxe/debug/inspect/RefTarget.hx	done
debuggers/hashlink-debug-adapter/src/main/haxe/ijhaxe/debug/inspect/ScopeInfo.hx	done
debuggers/hashlink-debug-adapter/src/main/haxe/ijhaxe/debug/inspect/StopState.hx	done
debuggers/hashlink-debug-adapter/src/main/haxe/ijhaxe/debug/inspect/SymbolResolver.hx	done
debuggers/hashlink-debug-adapter/src/main/haxe/ijhaxe/debug/inspect/VariableInspector.hx	done
debuggers/hashlink-debug-adapter/src/main/haxe/ijhaxe/debug/inspect/VariableMutator.hx	done
debuggers/hashlink-debug-adapter/src/main/haxe/ijhaxe/debug/inspect/VariablesView.hx	done
debuggers/hashlink-debug-adapter/src/main/haxe/ijhaxe/debug/layout/Align.hx	done
debuggers/hashlink-debug-adapter/src/main/haxe/ijhaxe/debug/layout/EnumLayout.hx	done
debuggers/hashlink-debug-adapter/src/main/haxe/ijhaxe/debug/layout/FieldLayout.hx	done
debuggers/hashlink-debug-adapter/src/main/haxe/ijhaxe/debug/layout/FrameLayout.hx	done
debuggers/hashlink-debug-adapter/src/main/haxe/ijhaxe/debug/layout/GlobalTable.hx	done
debuggers/hashlink-debug-adapter/src/main/haxe/ijhaxe/debug/layout/ObjectLayout.hx	done
debuggers/hashlink-debug-adapter/src/main/haxe/ijhaxe/debug/layout/RegisterSlot.hx	done
debuggers/hashlink-debug-adapter/src/main/haxe/ijhaxe/debug/module/CodeGraph.hx	done
debuggers/hashlink-debug-adapter/src/main/haxe/ijhaxe/debug/module/ExceptionSites.hx	done
debuggers/hashlink-debug-adapter/src/main/haxe/ijhaxe/debug/module/JitFunction.hx	done
debuggers/hashlink-debug-adapter/src/main/haxe/ijhaxe/debug/module/JitInfo.hx	done
debuggers/hashlink-debug-adapter/src/main/haxe/ijhaxe/debug/module/JitInfoReader.hx	done
debuggers/hashlink-debug-adapter/src/main/haxe/ijhaxe/debug/module/LocalScopes.hx	done
debuggers/hashlink-debug-adapter/src/main/haxe/ijhaxe/debug/module/LocalVar.hx	done
debuggers/hashlink-debug-adapter/src/main/haxe/ijhaxe/debug/module/LocalsResolver.hx	done
debuggers/hashlink-debug-adapter/src/main/haxe/ijhaxe/debug/module/ModuleDebugInfo.hx	done
debuggers/hashlink-debug-adapter/src/main/haxe/ijhaxe/debug/module/NativeThrowResolver.hx	done
debuggers/hashlink-debug-adapter/src/main/haxe/ijhaxe/debug/module/StepTargets.hx	done
debuggers/hashlink-debug-adapter/src/main/haxe/ijhaxe/debug/module/TryRegions.hx	done
debuggers/hashlink-debug-adapter/src/main/haxe/ijhaxe/debug/session/ActiveStep.hx	done
debuggers/hashlink-debug-adapter/src/main/haxe/ijhaxe/debug/session/DebugEvent.hx	done
debuggers/hashlink-debug-adapter/src/main/haxe/ijhaxe/debug/session/DebugSession.hx	done
debuggers/hashlink-debug-adapter/src/main/haxe/ijhaxe/debug/session/EvalCallInjector.hx	done
debuggers/hashlink-debug-adapter/src/main/haxe/ijhaxe/debug/session/ExceptionController.hx	done
debuggers/hashlink-debug-adapter/src/main/haxe/ijhaxe/debug/session/FrameInfo.hx	done
debuggers/hashlink-debug-adapter/src/main/haxe/ijhaxe/debug/session/LaunchConfig.hx	done
debuggers/hashlink-debug-adapter/src/main/haxe/ijhaxe/debug/session/LineBreakpointController.hx	done
debuggers/hashlink-debug-adapter/src/main/haxe/ijhaxe/debug/session/SessionCommand.hx	done
debuggers/hashlink-debug-adapter/src/main/haxe/ijhaxe/debug/session/SessionState.hx	done
debuggers/hashlink-debug-adapter/src/main/haxe/ijhaxe/debug/session/StepInTargetInfo.hx	done
debuggers/hashlink-debug-adapter/src/main/haxe/ijhaxe/debug/session/StepMode.hx	done
debuggers/hashlink-debug-adapter/src/main/haxe/ijhaxe/debug/session/SteppingController.hx	done
debuggers/hashlink-debug-adapter/src/main/haxe/ijhaxe/debug/session/StopDescriptions.hx	done
debuggers/hashlink-debug-adapter/src/main/haxe/ijhaxe/debug/session/ThrowClassifier.hx	done
debuggers/hashlink-debug-adapter/src/main/haxe/ijhaxe/debug/target/DebugApi.hx	done
debuggers/hashlink-debug-adapter/src/main/haxe/ijhaxe/debug/target/DebuggeeProcess.hx	done
debuggers/hashlink-debug-adapter/src/main/haxe/ijhaxe/debug/target/HlNativeDebugApi.hx	done
debuggers/hashlink-debug-adapter/src/main/haxe/ijhaxe/debug/target/MemoryReader.hx	done
debuggers/hashlink-debug-adapter/src/main/haxe/ijhaxe/debug/target/MemoryWriter.hx	done
debuggers/hashlink-debug-adapter/src/main/haxe/ijhaxe/debug/target/Register.hx	done
debuggers/hashlink-debug-adapter/src/main/haxe/ijhaxe/debug/target/StackFrameLocation.hx	done
debuggers/hashlink-debug-adapter/src/main/haxe/ijhaxe/debug/target/StackWalker.hx	done
debuggers/hashlink-debug-adapter/src/main/haxe/ijhaxe/debug/target/ThreadInfo.hx	done
debuggers/hashlink-debug-adapter/src/main/haxe/ijhaxe/debug/target/ThreadRegistry.hx	done
debuggers/hashlink-debug-adapter/src/main/haxe/ijhaxe/debug/target/VmExceptionControl.hx	done
debuggers/hashlink-debug-adapter/src/main/haxe/ijhaxe/debug/target/WaitOutcome.hx	done
debuggers/hashlink-debug-adapter/src/main/haxe/ijhaxe/debug/target/WaitResult.hx	done
debuggers/hashlink-debug-adapter/src/main/haxe/ijhaxe/debug/values/AddressedValue.hx	done
debuggers/hashlink-debug-adapter/src/main/haxe/ijhaxe/debug/values/ClassChain.hx	done
debuggers/hashlink-debug-adapter/src/main/haxe/ijhaxe/debug/values/DecodedValue.hx	done
debuggers/hashlink-debug-adapter/src/main/haxe/ijhaxe/debug/values/DynObjField.hx	done
debuggers/hashlink-debug-adapter/src/main/haxe/ijhaxe/debug/values/DynObjReader.hx	done
debuggers/hashlink-debug-adapter/src/main/haxe/ijhaxe/debug/values/MapEntrySlot.hx	done
debuggers/hashlink-debug-adapter/src/main/haxe/ijhaxe/debug/values/MapKeyKind.hx	done
debuggers/hashlink-debug-adapter/src/main/haxe/ijhaxe/debug/values/MapReader.hx	done
debuggers/hashlink-debug-adapter/src/main/haxe/ijhaxe/debug/values/PathAccessor.hx	done
debuggers/hashlink-debug-adapter/src/main/haxe/ijhaxe/debug/values/RuntimeTypes.hx	done
debuggers/hashlink-debug-adapter/src/main/haxe/ijhaxe/debug/values/TreeMapReader.hx	done
debuggers/hashlink-debug-adapter/src/main/haxe/ijhaxe/debug/values/ValueChildren.hx	done
debuggers/hashlink-debug-adapter/src/main/haxe/ijhaxe/debug/values/ValueLiteral.hx	done
debuggers/hashlink-debug-adapter/src/main/haxe/ijhaxe/debug/values/ValuePath.hx	done
debuggers/hashlink-debug-adapter/src/main/haxe/ijhaxe/debug/values/ValueReader.hx	done
debuggers/hashlink-debug-adapter/src/main/haxe/ijhaxe/debug/values/ValueWriter.hx	done
debuggers/hashlink-debug-adapter/src/main/haxe/ijhaxe/debug/values/VariableInfo.hx	done
debuggers/hashlink-debug-adapter/src/main/haxe/ijhaxe/debug/values/VariableKind.hx	done
debuggers/hashlink-debug-adapter/src/main/haxe/ijhaxe/debug/values/WriteTarget.hx	done
debuggers/hashlink-debug-adapter/src/test/haxe/Assert.hx	done
debuggers/hashlink-debug-adapter/src/test/haxe/FakeDebugApi.hx	done
debuggers/hashlink-debug-adapter/src/test/haxe/TestMain.hx	done
debuggers/hashlink-debug-adapter/src/test/haxe/tests/adapter/DispatcherTest.hx	done
debuggers/hashlink-debug-adapter/src/test/haxe/tests/dap/protocol/ProtocolJsonTest.hx	done
debuggers/hashlink-debug-adapter/src/test/haxe/tests/dap/transport/FrameCodecTest.hx	done
debuggers/hashlink-debug-adapter/src/test/haxe/tests/debug/breakpoints/BreakpointsTest.hx	done
debuggers/hashlink-debug-adapter/src/test/haxe/tests/debug/eval/ExprParserTest.hx	done
debuggers/hashlink-debug-adapter/src/test/haxe/tests/debug/eval/OperatorsTest.hx	done
debuggers/hashlink-debug-adapter/src/test/haxe/tests/debug/eval/call/X64CallEmitterTest.hx	done
debuggers/hashlink-debug-adapter/src/test/haxe/tests/debug/eval/call/X86CallEmitterTest.hx	done
debuggers/hashlink-debug-adapter/src/test/haxe/tests/debug/layout/EnumLayoutTest.hx	done
debuggers/hashlink-debug-adapter/src/test/haxe/tests/debug/layout/FrameLayoutTest.hx	done
debuggers/hashlink-debug-adapter/src/test/haxe/tests/debug/layout/GlobalTableTest.hx	done
debuggers/hashlink-debug-adapter/src/test/haxe/tests/debug/layout/ObjectLayoutTest.hx	done
debuggers/hashlink-debug-adapter/src/test/haxe/tests/debug/module/CodeGraphTest.hx	done
debuggers/hashlink-debug-adapter/src/test/haxe/tests/debug/module/JitInfoReaderTest.hx	done
debuggers/hashlink-debug-adapter/src/test/haxe/tests/debug/module/LocalScopesTest.hx	done
debuggers/hashlink-debug-adapter/src/test/haxe/tests/debug/module/LocalsResolverTest.hx	done
debuggers/hashlink-debug-adapter/src/test/haxe/tests/debug/module/ModuleDebugInfoTest.hx	done
debuggers/hashlink-debug-adapter/src/test/haxe/tests/debug/target/StackWalkerTest.hx	done
debuggers/hashlink-debug-adapter/src/test/haxe/tests/debug/target/ThreadRegistryTest.hx	done
debuggers/hashlink-debug-adapter/src/test/haxe/tests/debug/values/MapReaderTest.hx	done
debuggers/hashlink-debug-adapter/src/test/haxe/tests/debug/values/RuntimeTypesTest.hx	done
debuggers/hashlink-debug-adapter/src/test/haxe/tests/debug/values/ValueChildrenTest.hx	done
debuggers/hashlink-debug-adapter/src/test/haxe/tests/debug/values/ValuePathTest.hx	done
debuggers/hashlink-debug-adapter/src/test/haxe/tests/debug/values/ValueReaderTest.hx	done
debuggers/hashlink-debug-adapter/src/test/java/com/intellij/plugins/haxe/runner/debugger/dap/integration/AttachModeIntegrationTest.java	done
debuggers/hashlink-debug-adapter/src/test/java/com/intellij/plugins/haxe/runner/debugger/dap/integration/BreakpointReflushIntegrationTest.java	done
debuggers/hashlink-debug-adapter/src/test/java/com/intellij/plugins/haxe/runner/debugger/dap/integration/ConditionalBreakpointsIntegrationTest.java	done
debuggers/hashlink-debug-adapter/src/test/java/com/intellij/plugins/haxe/runner/debugger/dap/integration/DapIntegrationTestBase.java	done
debuggers/hashlink-debug-adapter/src/test/java/com/intellij/plugins/haxe/runner/debugger/dap/integration/DebugAdapterIntegrationTest.java	done
debuggers/hashlink-debug-adapter/src/test/java/com/intellij/plugins/haxe/runner/debugger/dap/integration/DebugLifecycleIntegrationTest.java	done
debuggers/hashlink-debug-adapter/src/test/java/com/intellij/plugins/haxe/runner/debugger/dap/integration/EvalCallIntegrationTest.java	done
debuggers/hashlink-debug-adapter/src/test/java/com/intellij/plugins/haxe/runner/debugger/dap/integration/EvaluateExpressionIntegrationTest.java	done
debuggers/hashlink-debug-adapter/src/test/java/com/intellij/plugins/haxe/runner/debugger/dap/integration/ExceptionBreakpointsIntegrationTest.java	done
debuggers/hashlink-debug-adapter/src/test/java/com/intellij/plugins/haxe/runner/debugger/dap/integration/HlExecutableResolver.java	done
debuggers/hashlink-debug-adapter/src/test/java/com/intellij/plugins/haxe/runner/debugger/dap/integration/IfaceVirtualIntegrationTest.java	done
debuggers/hashlink-debug-adapter/src/test/java/com/intellij/plugins/haxe/runner/debugger/dap/integration/MutateIntegrationTest.java	done
debuggers/hashlink-debug-adapter/src/test/java/com/intellij/plugins/haxe/runner/debugger/dap/integration/NativeStackTraceIntegrationTest.java	done
debuggers/hashlink-debug-adapter/src/test/java/com/intellij/plugins/haxe/runner/debugger/dap/integration/PackagedStaticsIntegrationTest.java	done
debuggers/hashlink-debug-adapter/src/test/java/com/intellij/plugins/haxe/runner/debugger/dap/integration/PauseIntegrationTest.java	done
debuggers/hashlink-debug-adapter/src/test/java/com/intellij/plugins/haxe/runner/debugger/dap/integration/SmartStepIntoIntegrationTest.java	done
debuggers/hashlink-debug-adapter/src/test/java/com/intellij/plugins/haxe/runner/debugger/dap/integration/StepScopeConsistencyTest.java	done
debuggers/hashlink-debug-adapter/src/test/java/com/intellij/plugins/haxe/runner/debugger/dap/integration/SteppingIntegrationTest.java	done
debuggers/hashlink-debug-adapter/src/test/java/com/intellij/plugins/haxe/runner/debugger/dap/integration/ThreadsIntegrationTest.java	done
debuggers/hashlink-debug-adapter/src/test/java/com/intellij/plugins/haxe/runner/debugger/dap/integration/TypedExceptionBreakpointsIntegrationTest.java	done
debuggers/hashlink-debug-adapter/src/test/java/com/intellij/plugins/haxe/runner/debugger/dap/integration/UncaughtExceptionIntegrationTest.java	done
debuggers/hashlink-debug-adapter/src/test/java/com/intellij/plugins/haxe/runner/debugger/dap/integration/VariablesIntegrationTest.java	done
debuggers/hashlink-debug-adapter/src/test/java/com/intellij/plugins/haxe/runner/debugger/dap/integration/VmExceptionIntegrationTest.java	done
debuggers/hashlink-debug-adapter/test-fixtures/src/Boom.hx	done
debuggers/hashlink-debug-adapter/test-fixtures/src/Call.hx	done
debuggers/hashlink-debug-adapter/test-fixtures/src/ClosureCalls.hx	done
debuggers/hashlink-debug-adapter/test-fixtures/src/Config.hx	done
debuggers/hashlink-debug-adapter/test-fixtures/src/Iface.hx	done
debuggers/hashlink-debug-adapter/test-fixtures/src/Kaboom.hx	done
debuggers/hashlink-debug-adapter/test-fixtures/src/Main.hx	done
debuggers/hashlink-debug-adapter/test-fixtures/src/Mutate.hx	done
debuggers/hashlink-debug-adapter/test-fixtures/src/PackedHolder.hx	done
debuggers/hashlink-debug-adapter/test-fixtures/src/Point.hx	done
debuggers/hashlink-debug-adapter/test-fixtures/src/Rich.hx	done
debuggers/hashlink-debug-adapter/test-fixtures/src/Shade.hx	done
debuggers/hashlink-debug-adapter/test-fixtures/src/Shadowed.hx	done
debuggers/hashlink-debug-adapter/test-fixtures/src/Spin.hx	done
debuggers/hashlink-debug-adapter/test-fixtures/src/StackTrace.hx	done
debuggers/hashlink-debug-adapter/test-fixtures/src/Threads.hx	done
debuggers/hashlink-debug-adapter/test-fixtures/src/TypedThrow.hx	done
debuggers/hashlink-debug-adapter/test-fixtures/src/Uncaught.hx	done
debuggers/hashlink-debug-adapter/test-fixtures/src/Vec2.hx	done
debuggers/hashlink-debug-adapter/test-fixtures/src/VmError.hx	done
debuggers/hashlink-debug-adapter/test-fixtures/src/pkg/Deep.hx	done
debuggers/hxcpp-debugger-protocol-legacy/src/fallback/java/_JavaProtocol/InputAdapter.java	done
debuggers/hxcpp-debugger-protocol-legacy/src/fallback/java/_JavaProtocol/OutputAdapter.java	done
debuggers/hxcpp-debugger-protocol-legacy/src/fallback/java/debugger/BreakpointList.java	done
debuggers/hxcpp-debugger-protocol-legacy/src/fallback/java/debugger/BreakpointLocationList.java	done
debuggers/hxcpp-debugger-protocol-legacy/src/fallback/java/debugger/BreakpointStatusList.java	done
debuggers/hxcpp-debugger-protocol-legacy/src/fallback/java/debugger/ClassList.java	done
debuggers/hxcpp-debugger-protocol-legacy/src/fallback/java/debugger/Command.java	done
debuggers/hxcpp-debugger-protocol-legacy/src/fallback/java/debugger/FrameList.java	done
debuggers/hxcpp-debugger-protocol-legacy/src/fallback/java/debugger/HaxeProtocol.java	done
debuggers/hxcpp-debugger-protocol-legacy/src/fallback/java/debugger/IController.java	done
debuggers/hxcpp-debugger-protocol-legacy/src/fallback/java/debugger/Message.java	done
debuggers/hxcpp-debugger-protocol-legacy/src/fallback/java/debugger/StringList.java	done
debuggers/hxcpp-debugger-protocol-legacy/src/fallback/java/debugger/StructuredValue.java	done
debuggers/hxcpp-debugger-protocol-legacy/src/fallback/java/debugger/StructuredValueList.java	done
debuggers/hxcpp-debugger-protocol-legacy/src/fallback/java/debugger/StructuredValueListType.java	done
debuggers/hxcpp-debugger-protocol-legacy/src/fallback/java/debugger/StructuredValueType.java	done
debuggers/hxcpp-debugger-protocol-legacy/src/fallback/java/debugger/StructuredValueTypeList.java	done
debuggers/hxcpp-debugger-protocol-legacy/src/fallback/java/debugger/ThreadStatus.java	done
debuggers/hxcpp-debugger-protocol-legacy/src/fallback/java/debugger/ThreadWhereList.java	done
debuggers/hxcpp-debugger-protocol-legacy/src/fallback/java/haxe/Exception.java	done
debuggers/hxcpp-debugger-protocol-legacy/src/fallback/java/haxe/IMap.java	done
debuggers/hxcpp-debugger-protocol-legacy/src/fallback/java/haxe/Serializer.java	done
debuggers/hxcpp-debugger-protocol-legacy/src/fallback/java/haxe/Unserializer.java	done
debuggers/hxcpp-debugger-protocol-legacy/src/fallback/java/haxe/ValueException.java	done
debuggers/hxcpp-debugger-protocol-legacy/src/fallback/java/haxe/_Unserializer/DefaultResolver.java	done
debuggers/hxcpp-debugger-protocol-legacy/src/fallback/java/haxe/ds/IntMap.java	done
debuggers/hxcpp-debugger-protocol-legacy/src/fallback/java/haxe/ds/List.java	done
debuggers/hxcpp-debugger-protocol-legacy/src/fallback/java/haxe/ds/ObjectMap.java	done
debuggers/hxcpp-debugger-protocol-legacy/src/fallback/java/haxe/ds/StringMap.java	done
debuggers/hxcpp-debugger-protocol-legacy/src/fallback/java/haxe/ds/_IntMap/IntMapKeyIterator.java	done
debuggers/hxcpp-debugger-protocol-legacy/src/fallback/java/haxe/ds/_List/ListNode.java	done
debuggers/hxcpp-debugger-protocol-legacy/src/fallback/java/haxe/ds/_ObjectMap/ObjectMapKeyIterator.java	done
debuggers/hxcpp-debugger-protocol-legacy/src/fallback/java/haxe/ds/_StringMap/StringMapKeyIterator.java	done
debuggers/hxcpp-debugger-protocol-legacy/src/fallback/java/haxe/exceptions/NotImplementedException.java	done
debuggers/hxcpp-debugger-protocol-legacy/src/fallback/java/haxe/exceptions/PosException.java	done
debuggers/hxcpp-debugger-protocol-legacy/src/fallback/java/haxe/io/Bytes.java	done
debuggers/hxcpp-debugger-protocol-legacy/src/fallback/java/haxe/io/Encoding.java	done
debuggers/hxcpp-debugger-protocol-legacy/src/fallback/java/haxe/io/Eof.java	done
debuggers/hxcpp-debugger-protocol-legacy/src/fallback/java/haxe/io/Error.java	done
debuggers/hxcpp-debugger-protocol-legacy/src/fallback/java/haxe/io/Input.java	done
debuggers/hxcpp-debugger-protocol-legacy/src/fallback/java/haxe/io/Output.java	done
debuggers/hxcpp-debugger-protocol-legacy/src/fallback/java/haxe/iterators/ArrayIterator.java	done
debuggers/hxcpp-debugger-protocol-legacy/src/fallback/java/haxe/iterators/ArrayKeyValueIterator.java	done
debuggers/hxcpp-debugger-protocol-legacy/src/fallback/java/haxe/java/Init.java	done
debuggers/hxcpp-debugger-protocol-legacy/src/fallback/java/haxe/java/Lib.java	done
debuggers/hxcpp-debugger-protocol-legacy/src/fallback/java/haxe/java/io/NativeOutput.java	done
debuggers/hxcpp-debugger-protocol-legacy/src/fallback/java/haxe/lang/Closure.java	done
debuggers/hxcpp-debugger-protocol-legacy/src/fallback/java/haxe/lang/DynamicObject.java	done
debuggers/hxcpp-debugger-protocol-legacy/src/fallback/java/haxe/lang/EmptyObject.java	done
debuggers/hxcpp-debugger-protocol-legacy/src/fallback/java/haxe/lang/Enum.java	done
debuggers/hxcpp-debugger-protocol-legacy/src/fallback/java/haxe/lang/FieldLookup.java	done
debuggers/hxcpp-debugger-protocol-legacy/src/fallback/java/haxe/lang/Function.java	done
debuggers/hxcpp-debugger-protocol-legacy/src/fallback/java/haxe/lang/HxObject.java	done
debuggers/hxcpp-debugger-protocol-legacy/src/fallback/java/haxe/lang/IEquatable.java	done
debuggers/hxcpp-debugger-protocol-legacy/src/fallback/java/haxe/lang/IHxObject.java	done
debuggers/hxcpp-debugger-protocol-legacy/src/fallback/java/haxe/lang/ParamEnum.java	done
debuggers/hxcpp-debugger-protocol-legacy/src/fallback/java/haxe/lang/Runtime.java	done
debuggers/hxcpp-debugger-protocol-legacy/src/fallback/java/haxe/lang/StringExt.java	done
debuggers/hxcpp-debugger-protocol-legacy/src/fallback/java/haxe/lang/StringRefl.java	done
debuggers/hxcpp-debugger-protocol-legacy/src/fallback/java/haxe/lang/VarArgsBase.java	done
debuggers/hxcpp-debugger-protocol-legacy/src/fallback/java/haxe/lang/VarArgsFunction.java	done
debuggers/hxcpp-debugger-protocol-legacy/src/fallback/java/haxe/root/Array.java	done
debuggers/hxcpp-debugger-protocol-legacy/src/fallback/java/haxe/root/Date.java	done
debuggers/hxcpp-debugger-protocol-legacy/src/fallback/java/haxe/root/JavaProtocol.java	done
debuggers/hxcpp-debugger-protocol-legacy/src/fallback/java/haxe/root/Reflect.java	done
debuggers/hxcpp-debugger-protocol-legacy/src/fallback/java/haxe/root/Std.java	done
debuggers/hxcpp-debugger-protocol-legacy/src/fallback/java/haxe/root/StringBuf.java	done
debuggers/hxcpp-debugger-protocol-legacy/src/fallback/java/haxe/root/StringTools.java	done
debuggers/hxcpp-debugger-protocol-legacy/src/fallback/java/haxe/root/Sys.java	done
debuggers/hxcpp-debugger-protocol-legacy/src/fallback/java/haxe/root/Type.java	done
debuggers/hxcpp-debugger-protocol-legacy/src/fallback/java/haxe/root/ValueType.java	done
debuggers/hxcpp-debugger-protocol-legacy/src/main/haxe/JavaProtocol.hx	done
debuggers/intellij-hxcpp-debugger/hxcpp-debug-server/src/ijhaxe/hxcpp/debug/Config.hx	done
debuggers/intellij-hxcpp-debugger/hxcpp-debug-server/src/ijhaxe/hxcpp/debug/DebuggerApi.hx	done
debuggers/intellij-hxcpp-debugger/hxcpp-debug-server/src/ijhaxe/hxcpp/debug/Dispatcher.hx	done
debuggers/intellij-hxcpp-debugger/hxcpp-debug-server/src/ijhaxe/hxcpp/debug/Macro.hx	done
debuggers/intellij-hxcpp-debugger/hxcpp-debug-server/src/ijhaxe/hxcpp/debug/NativeDebuggerApi.hx	done
debuggers/intellij-hxcpp-debugger/hxcpp-debug-server/src/ijhaxe/hxcpp/debug/Server.hx	done
debuggers/intellij-hxcpp-debugger/hxcpp-debug-server/src/ijhaxe/hxcpp/debug/breakpoints/Breakpoints.hx	done
debuggers/intellij-hxcpp-debugger/hxcpp-debug-server/src/ijhaxe/hxcpp/debug/breakpoints/FileMatcher.hx	done
debuggers/intellij-hxcpp-debugger/hxcpp-debug-server/src/ijhaxe/hxcpp/debug/breakpoints/LineTable.hx	done
debuggers/intellij-hxcpp-debugger/hxcpp-debug-server/src/ijhaxe/hxcpp/debug/dap/DapFraming.hx	done
debuggers/intellij-hxcpp-debugger/hxcpp-debug-server/src/ijhaxe/hxcpp/debug/eval/Evaluator.hx	done
debuggers/intellij-hxcpp-debugger/hxcpp-debug-server/src/ijhaxe/hxcpp/debug/stubs/Parameter.hx	done
debuggers/intellij-hxcpp-debugger/hxcpp-debug-server/src/ijhaxe/hxcpp/debug/stubs/StackFrame.hx	done
debuggers/intellij-hxcpp-debugger/hxcpp-debug-server/src/ijhaxe/hxcpp/debug/stubs/ThreadInfo.hx	done
debuggers/intellij-hxcpp-debugger/hxcpp-debug-server/src/ijhaxe/hxcpp/debug/values/Values.hx	done
debuggers/intellij-hxcpp-debugger/hxcpp-debug-server/src/ijhaxe/hxcpp/debug/values/VariablesView.hx	done
debuggers/intellij-hxcpp-debugger/src/test/haxe/Assert.hx	done
debuggers/intellij-hxcpp-debugger/src/test/haxe/EvalTarget.hx	done
debuggers/intellij-hxcpp-debugger/src/test/haxe/TestMain.hx	done
debuggers/intellij-hxcpp-debugger/src/test/haxe/evalfixtures/PackTarget.hx	done
debuggers/intellij-hxcpp-debugger/src/test/haxe/evalfixtures/deep/DeepTarget.hx	done
debuggers/intellij-hxcpp-debugger/src/test/haxe/tests/BreakpointsTest.hx	done
debuggers/intellij-hxcpp-debugger/src/test/haxe/tests/ConfigTest.hx	done
debuggers/intellij-hxcpp-debugger/src/test/haxe/tests/DispatcherTest.hx	done
debuggers/intellij-hxcpp-debugger/src/test/haxe/tests/EvaluatorTest.hx	done
debuggers/intellij-hxcpp-debugger/src/test/haxe/tests/FakeDebuggerApi.hx	done
debuggers/intellij-hxcpp-debugger/src/test/haxe/tests/FileMatcherTest.hx	done
debuggers/intellij-hxcpp-debugger/src/test/haxe/tests/FramingTest.hx	done
debuggers/intellij-hxcpp-debugger/src/test/haxe/tests/LineTableTest.hx	done
debuggers/intellij-hxcpp-debugger/src/test/haxe/tests/ValuesTest.hx	done
debuggers/intellij-hxcpp-debugger/src/test/haxe/tests/VariablesViewTest.hx	done
debuggers/intellij-hxcpp-debugger/src/test/java/com/intellij/plugins/haxe/debugger/hxcppserver/BreakpointsAndEvaluateIT.java	done
debuggers/intellij-hxcpp-debugger/src/test/java/com/intellij/plugins/haxe/debugger/hxcppserver/ClosureStepIT.java	done
debuggers/intellij-hxcpp-debugger/src/test/java/com/intellij/plugins/haxe/debugger/hxcppserver/ExceptionsIT.java	done
debuggers/intellij-hxcpp-debugger/src/test/java/com/intellij/plugins/haxe/debugger/hxcppserver/FixtureSession.java	done
debuggers/intellij-hxcpp-debugger/src/test/java/com/intellij/plugins/haxe/debugger/hxcppserver/RunControlIT.java	done
debuggers/intellij-hxcpp-debugger/src/test/java/com/intellij/plugins/haxe/debugger/hxcppserver/SmartStepIT.java	done
debuggers/intellij-hxcpp-debugger/src/test/java/com/intellij/plugins/haxe/debugger/hxcppserver/ToStringRenderingIT.java	done
debuggers/intellij-hxcpp-debugger/test-fixtures/src/Main.hx	done
debuggers/intellij-hxcpp-debugger/test-fixtures/src/MainEx.hx	done
debuggers/intellij-hxcpp-debugger/test-fixtures/src/fix/PackCounter.hx	done
debuggers/vshaxe-hxcpp-debugger-adapter/src/main/java/com/intellij/plugins/haxe/runner/debugger/hxcpp/vshaxe/adapter/HxcppDebugAdapter.java	done
debuggers/vshaxe-hxcpp-debugger-adapter/src/main/java/com/intellij/plugins/haxe/runner/debugger/hxcpp/vshaxe/adapter/VariablePathRegistry.java	done
debuggers/vshaxe-hxcpp-debugger-adapter/src/main/java/com/intellij/plugins/haxe/runner/debugger/hxcpp/vshaxe/jsonrpc/JsonRpcClient.java	done
debuggers/vshaxe-hxcpp-debugger-adapter/src/main/java/com/intellij/plugins/haxe/runner/debugger/hxcpp/vshaxe/jsonrpc/JsonRpcConnection.java	done
debuggers/vshaxe-hxcpp-debugger-adapter/src/main/java/com/intellij/plugins/haxe/runner/debugger/hxcpp/vshaxe/jsonrpc/JsonRpcError.java	done
debuggers/vshaxe-hxcpp-debugger-adapter/src/main/java/com/intellij/plugins/haxe/runner/debugger/hxcpp/vshaxe/jsonrpc/JsonRpcErrorException.java	done
debuggers/vshaxe-hxcpp-debugger-adapter/src/main/java/com/intellij/plugins/haxe/runner/debugger/hxcpp/vshaxe/jsonrpc/JsonRpcFraming.java	done
debuggers/vshaxe-hxcpp-debugger-adapter/src/main/java/com/intellij/plugins/haxe/runner/debugger/hxcpp/vshaxe/jsonrpc/JsonRpcJson.java	done
debuggers/vshaxe-hxcpp-debugger-adapter/src/main/java/com/intellij/plugins/haxe/runner/debugger/hxcpp/vshaxe/jsonrpc/JsonRpcNotification.java	done
debuggers/vshaxe-hxcpp-debugger-adapter/src/main/java/com/intellij/plugins/haxe/runner/debugger/hxcpp/vshaxe/jsonrpc/JsonRpcRequest.java	done
debuggers/vshaxe-hxcpp-debugger-adapter/src/main/java/com/intellij/plugins/haxe/runner/debugger/hxcpp/vshaxe/jsonrpc/JsonRpcResponse.java	done
debuggers/vshaxe-hxcpp-debugger-adapter/src/main/java/com/intellij/plugins/haxe/runner/debugger/hxcpp/vshaxe/jsonrpc/JsonRpcServerMessage.java	done
debuggers/vshaxe-hxcpp-debugger-adapter/src/main/java/com/intellij/plugins/haxe/runner/debugger/hxcpp/vshaxe/protocol/HxcppProtocol.java	done
debuggers/vshaxe-hxcpp-debugger-adapter/src/main/java/com/intellij/plugins/haxe/runner/debugger/hxcpp/vshaxe/protocol/HxcppScopeInfo.java	done
debuggers/vshaxe-hxcpp-debugger-adapter/src/main/java/com/intellij/plugins/haxe/runner/debugger/hxcpp/vshaxe/protocol/HxcppStackFrameInfo.java	done
debuggers/vshaxe-hxcpp-debugger-adapter/src/main/java/com/intellij/plugins/haxe/runner/debugger/hxcpp/vshaxe/protocol/HxcppThreadInfo.java	done
debuggers/vshaxe-hxcpp-debugger-adapter/src/main/java/com/intellij/plugins/haxe/runner/debugger/hxcpp/vshaxe/protocol/HxcppVarInfo.java	done
debuggers/vshaxe-hxcpp-debugger-adapter/src/test/java/com/intellij/plugins/haxe/runner/debugger/hxcpp/vshaxe/adapter/FakeHxcppServer.java	done
debuggers/vshaxe-hxcpp-debugger-adapter/src/test/java/com/intellij/plugins/haxe/runner/debugger/hxcpp/vshaxe/adapter/HxcppDebugAdapterTest.java	done
debuggers/vshaxe-hxcpp-debugger-adapter/src/test/java/com/intellij/plugins/haxe/runner/debugger/hxcpp/vshaxe/adapter/HxcppIntegrationTestBase.java	done
debuggers/vshaxe-hxcpp-debugger-adapter/src/test/java/com/intellij/plugins/haxe/runner/debugger/hxcpp/vshaxe/adapter/HxcppLaunchIntegrationTest.java	done
debuggers/vshaxe-hxcpp-debugger-adapter/src/test/java/com/intellij/plugins/haxe/runner/debugger/hxcpp/vshaxe/adapter/HxcppPauseIntegrationTest.java	done
debuggers/vshaxe-hxcpp-debugger-adapter/src/test/java/com/intellij/plugins/haxe/runner/debugger/hxcpp/vshaxe/adapter/HxcppStartOrderIntegrationTest.java	done
debuggers/vshaxe-hxcpp-debugger-adapter/src/test/java/com/intellij/plugins/haxe/runner/debugger/hxcpp/vshaxe/adapter/HxcppUncaughtExceptionIntegrationTest.java	done
debuggers/vshaxe-hxcpp-debugger-adapter/src/test/java/com/intellij/plugins/haxe/runner/debugger/hxcpp/vshaxe/jsonrpc/JsonRpcClientTest.java	done
debuggers/vshaxe-hxcpp-debugger-adapter/src/test/java/com/intellij/plugins/haxe/runner/debugger/hxcpp/vshaxe/jsonrpc/JsonRpcFramingTest.java	done
debuggers/vshaxe-hxcpp-debugger-adapter/src/test/java/com/intellij/plugins/haxe/runner/debugger/hxcpp/vshaxe/jsonrpc/JsonRpcJsonTest.java	done
debuggers/vshaxe-hxcpp-debugger-adapter/test-fixtures/src/Main.hx	done
debuggers/vshaxe-hxcpp-debugger-adapter/test-fixtures/src/Spin.hx	done
debuggers/vshaxe-hxcpp-debugger-adapter/test-fixtures/src/Uncaught.hx	done
display-protocol/src/main/java/com/intellij/plugins/haxe/display/client/DisplayJson.java	done
display-protocol/src/main/java/com/intellij/plugins/haxe/display/client/HaxeDisplayClient.java	done
display-protocol/src/main/java/com/intellij/plugins/haxe/display/protocol/Diagnostic.java	done
display-protocol/src/main/java/com/intellij/plugins/haxe/display/protocol/DiagnosticKind.java	done
display-protocol/src/main/java/com/intellij/plugins/haxe/display/protocol/DiagnosticSeverity.java	done
display-protocol/src/main/java/com/intellij/plugins/haxe/display/protocol/DisplayMethods.java	done
display-protocol/src/main/java/com/intellij/plugins/haxe/display/protocol/FileDiagnostics.java	done
display-protocol/src/main/java/com/intellij/plugins/haxe/display/protocol/FindReferencesKind.java	done
display-protocol/src/main/java/com/intellij/plugins/haxe/display/protocol/HoverInfo.java	done
display-protocol/src/main/java/com/intellij/plugins/haxe/display/protocol/InitializeResult.java	done
display-protocol/src/main/java/com/intellij/plugins/haxe/display/protocol/JsonTypeRef.java	done
display-protocol/src/main/java/com/intellij/plugins/haxe/display/protocol/Location.java	done
display-protocol/src/main/java/com/intellij/plugins/haxe/display/protocol/MetadataEntry.java	done
display-protocol/src/main/java/com/intellij/plugins/haxe/display/protocol/Position.java	done
display-protocol/src/main/java/com/intellij/plugins/haxe/display/protocol/Range.java	done
display-protocol/src/main/java/com/intellij/plugins/haxe/display/protocol/server/HaxeServerContext.java	done
display-protocol/src/main/java/com/intellij/plugins/haxe/display/protocol/server/ModuleInfo.java	done
display-protocol/src/main/java/com/intellij/plugins/haxe/display/protocol/server/TypeBlueprint.java	done
display-protocol/src/main/java/com/intellij/plugins/haxe/display/transport/DisplayRequestException.java	done
display-protocol/src/main/java/com/intellij/plugins/haxe/display/transport/DisplayResponse.java	done
display-protocol/src/main/java/com/intellij/plugins/haxe/display/transport/HaxeDisplayTransport.java	done
display-protocol/src/test/java/com/intellij/plugins/haxe/display/client/DisplayJsonTest.java	done
display-protocol/src/test/java/com/intellij/plugins/haxe/display/client/LiveDisplayServerTest.java	done
display-protocol/src/test/java/com/intellij/plugins/haxe/display/transport/TransportFramingTest.java	done
jps-plugin/src/main/java/org/jetbrains/jps/haxe/build/HaxeModuleLevelBuilder.java	done
jps-plugin/src/main/java/org/jetbrains/jps/haxe/model/sdk/impl/JpsHaxeSdkAdditionalDataImpl.java	done
src/main/java/com/intellij/plugins/haxe/HaxeDebuggerBundle.java	done
src/main/java/com/intellij/plugins/haxe/buildsystem/hxp/HxpFileType.java	done
src/main/java/com/intellij/plugins/haxe/codeInsight/daemon/HaxeProjectSdkSetupValidator.java	done
src/main/java/com/intellij/plugins/haxe/config/sdk/HaxeAdditionalConfigurable.java	done
src/main/java/com/intellij/plugins/haxe/config/sdk/HaxeSdkType.java	done
src/main/java/com/intellij/plugins/haxe/config/sdk/ui/HaxeAdditionalConfigurablePanel.java	done
src/main/java/com/intellij/plugins/haxe/execution/console/HaxeConsoleFilterProvider.java	done
src/main/java/com/intellij/plugins/haxe/haxelib/HaxelibInstalledIndex.java	done
src/main/java/com/intellij/plugins/haxe/haxelib/HaxelibModuleManagerService.java	done
src/main/java/com/intellij/plugins/haxe/haxelib/HaxelibProjectStartActivity.java	done
src/main/java/com/intellij/plugins/haxe/haxelib/definitions/HaxeDefineDetectionManager.java	done
src/main/java/com/intellij/plugins/haxe/ide/HaxeProblemFileHighlightFilter.java	done
src/main/java/com/intellij/plugins/haxe/ide/actions/CreateClassAction.java	done
src/main/java/com/intellij/plugins/haxe/ide/actions/HaxeStaticMemberAddImportIntentionAction.java	done
src/main/java/com/intellij/plugins/haxe/ide/actions/HaxeTypeAddImportIntentionAction.java	done
src/main/java/com/intellij/plugins/haxe/ide/annotator/HaxeStandardAnnotation.java	done
src/main/java/com/intellij/plugins/haxe/ide/annotator/semantics/HaxeAbstractClassAnnotator.java	done
src/main/java/com/intellij/plugins/haxe/ide/annotator/semantics/HaxeAccessAnnotator.java	done
src/main/java/com/intellij/plugins/haxe/ide/annotator/semantics/HaxeDefaultTypeParameterAnnotator.java	done
src/main/java/com/intellij/plugins/haxe/ide/annotator/semantics/HaxeFieldAnnotator.java	done
src/main/java/com/intellij/plugins/haxe/ide/annotator/semantics/HaxeIsTypeExpressionAnnotator.java	done
src/main/java/com/intellij/plugins/haxe/ide/annotator/semantics/HaxeLanguageFeatureAnnotator.java	done
src/main/java/com/intellij/plugins/haxe/ide/annotator/semantics/HaxeNullCoalescingAnnotator.java	done
src/main/java/com/intellij/plugins/haxe/ide/completion/HaxeClassNameCompletionContributor.java	done
src/main/java/com/intellij/plugins/haxe/ide/completion/HaxeMetaTagsCompletionContributor.java	done
src/main/java/com/intellij/plugins/haxe/ide/completion/HaxeSyntheticMemberCompletionContributor.java	done
src/main/java/com/intellij/plugins/haxe/ide/generation/BaseHaxeGenerateAction.java	done
src/main/java/com/intellij/plugins/haxe/ide/inspections/HaxeUnresolvedSymbolInspection.java	done
src/main/java/com/intellij/plugins/haxe/ide/inspections/HaxeUnusedFieldInspection.java	done
src/main/java/com/intellij/plugins/haxe/ide/inspections/HaxeUnusedFunctionInspection.java	done
src/main/java/com/intellij/plugins/haxe/ide/inspections/HaxeUnusedLocalVarInspection.java	done
src/main/java/com/intellij/plugins/haxe/ide/inspections/HaxeUnusedMethodInspection.java	done
src/main/java/com/intellij/plugins/haxe/ide/lookup/indexed/HaxeIndexedClassLookupElement.java	done
src/main/java/com/intellij/plugins/haxe/ide/module/HaxeModuleType.java	done
src/main/java/com/intellij/plugins/haxe/lang/psi/HaxeCodeFragmentUtil.java	done
src/main/java/com/intellij/plugins/haxe/lang/psi/HaxeExpressionCodeFragment.java	done
src/main/java/com/intellij/plugins/haxe/lang/psi/HaxeResolver.java	done
src/main/java/com/intellij/plugins/haxe/lang/psi/HaxeResolverScopeProcessor.java	done
src/main/java/com/intellij/plugins/haxe/lang/psi/HaxeSyntheticPsiUtil.java	done
src/main/java/com/intellij/plugins/haxe/lang/psi/impl/HaxeExpressionCodeFragmentImpl.java	done
src/main/java/com/intellij/plugins/haxe/lang/psi/impl/HaxeReferenceImpl.java	done
src/main/java/com/intellij/plugins/haxe/lang/psi/impl/HaxeReferenceSuggestionUtil.java	done
src/main/java/com/intellij/plugins/haxe/lang/psi/indexes/filebased/extension/HaxeClassFieldNameFileIndex.java	done
src/main/java/com/intellij/plugins/haxe/lang/psi/indexes/filebased/extension/HaxeClassMethodNameFileIndex.java	done
src/main/java/com/intellij/plugins/haxe/lang/psi/indexes/filebased/extension/HaxeClassNameFileIndex.java	done
src/main/java/com/intellij/plugins/haxe/lang/psi/indexes/filebased/extension/HaxeConstructorFileIndex.java	done
src/main/java/com/intellij/plugins/haxe/lang/psi/indexes/filebased/extension/HaxeModuleFieldNameFileIndex.java	done
src/main/java/com/intellij/plugins/haxe/lang/psi/indexes/filebased/extension/HaxeModuleMethodNameFileIndex.java	done
src/main/java/com/intellij/plugins/haxe/lang/psi/indexes/filebased/extension/HaxeStaticFieldNameFileIndex.java	done
src/main/java/com/intellij/plugins/haxe/lang/psi/indexes/filebased/extension/specialized/HaxeImportHxFileIndex.java	done
src/main/java/com/intellij/plugins/haxe/lang/psi/indexes/filebased/indexer/HaxeClassInheritanceIndexer.java	done
src/main/java/com/intellij/plugins/haxe/lang/psi/indexes/filebased/indexer/HaxeFullyQualifiedNameIndexer.java	done
src/main/java/com/intellij/plugins/haxe/lang/psi/indexes/filebased/indexer/HaxeTypedefInheritanceIndexer.java	done
src/main/java/com/intellij/plugins/haxe/lang/psi/indexes/unified/HaxeClassNameUnifiedIndex.java	done
src/main/java/com/intellij/plugins/haxe/lang/psi/indexes/unified/HaxeConstructorUnifiedIndex.java	done
src/main/java/com/intellij/plugins/haxe/lang/psi/indexes/unified/LookupUtil.java	done
src/main/java/com/intellij/plugins/haxe/lang/psi/indexes/utils/HaxeIndexUtil.java	done
src/main/java/com/intellij/plugins/haxe/lang/psi/indexes/utils/HaxeInheritanceDefinitionsSearcher.java	done
src/main/java/com/intellij/plugins/haxe/lang/psi/indexes/utils/HaxeInheritanceIndexUtil.java	done
src/main/java/com/intellij/plugins/haxe/lang/psi/stubs/HaxeStubVersions.java	done
src/main/java/com/intellij/plugins/haxe/lang/psi/stubs/serializers/HaxeClassStubSerializer.java	done
src/main/java/com/intellij/plugins/haxe/model/FullyQualifiedInfo.java	done
src/main/java/com/intellij/plugins/haxe/model/HaxeFileModel.java	done
src/main/java/com/intellij/plugins/haxe/model/HaxeProjectModel.java	done
src/main/java/com/intellij/plugins/haxe/model/evaluator/HaxeExpressionEvaluatorCacheService.java	done
src/main/java/com/intellij/plugins/haxe/model/evaluator/HaxeExpressionEvaluatorHandlers.java	done
src/main/java/com/intellij/plugins/haxe/model/evaluator/callexpression/HaxeCallExpressionUtil.java	done
src/main/java/com/intellij/plugins/haxe/model/type/ResultHolder.java	done
src/main/java/com/intellij/plugins/haxe/runner/HaxeRunConfigurationType.java	done
src/main/java/com/intellij/plugins/haxe/runner/debugger/FakeFlexDependencies.java	done
src/main/java/com/intellij/plugins/haxe/runner/debugger/HaxeDebugProcess.java	done
src/main/java/com/intellij/plugins/haxe/runner/debugger/HaxeDebuggerEditorsProvider.java	done
src/main/java/com/intellij/plugins/haxe/runner/debugger/HaxeDebuggerSettings.java	done
src/main/java/com/intellij/plugins/haxe/runner/debugger/HaxeDebuggerSettingsConfigurable.java	done
src/main/java/com/intellij/plugins/haxe/runner/debugger/HaxeDebuggerSettingsForm.java	done
src/main/java/com/intellij/plugins/haxe/runner/debugger/HaxeDebuggerSupportUtils.java	done
src/main/java/com/intellij/plugins/haxe/runner/debugger/HaxeDebuggerValue.java	done
src/main/java/com/intellij/plugins/haxe/runner/debugger/HaxeExpressionPointHighlighter.java	done
src/main/java/com/intellij/plugins/haxe/runner/debugger/HaxeExpressionSteppingToggleAction.java	done
src/main/java/com/intellij/plugins/haxe/runner/debugger/HaxeFlashDebuggingUtil.java	done
src/main/java/com/intellij/plugins/haxe/runner/debugger/HaxeRunConfigurationEditorUtil.java	done
src/main/java/com/intellij/plugins/haxe/runner/debugger/HaxeSetValueCompletionConfidence.java	done
src/main/java/com/intellij/plugins/haxe/runner/debugger/HaxeToStringRenderToggleAction.java	done
src/main/java/com/intellij/plugins/haxe/runner/debugger/HaxeVariableSourceNavigator.java	done
src/main/java/com/intellij/plugins/haxe/runner/debugger/browser/BrowserConfigurationFactory.java	done
src/main/java/com/intellij/plugins/haxe/runner/debugger/browser/BrowserDebugBackend.java	done
src/main/java/com/intellij/plugins/haxe/runner/debugger/browser/BrowserDebugRunner.java	done
src/main/java/com/intellij/plugins/haxe/runner/debugger/browser/BrowserRunConfiguration.java	done
src/main/java/com/intellij/plugins/haxe/runner/debugger/browser/BrowserRunConfigurationEditor.java	done
src/main/java/com/intellij/plugins/haxe/runner/debugger/browser/BrowserRunner.java	done
src/main/java/com/intellij/plugins/haxe/runner/debugger/browser/BrowserRunningState.java	done
src/main/java/com/intellij/plugins/haxe/runner/debugger/browser/DebugBrowser.java	done
src/main/java/com/intellij/plugins/haxe/runner/debugger/browser/NodeLocator.java	done
src/main/java/com/intellij/plugins/haxe/runner/debugger/dap/ide/AdapterTargetsSmartStepHandler.java	done
src/main/java/com/intellij/plugins/haxe/runner/debugger/dap/ide/DapBackend.java	done
src/main/java/com/intellij/plugins/haxe/runner/debugger/dap/ide/DapBreakpointManager.java	done
src/main/java/com/intellij/plugins/haxe/runner/debugger/dap/ide/DapCommandLineRunningState.java	done
src/main/java/com/intellij/plugins/haxe/runner/debugger/dap/ide/DapConsoleTracer.java	done
src/main/java/com/intellij/plugins/haxe/runner/debugger/dap/ide/DapDebugProcess.java	done
src/main/java/com/intellij/plugins/haxe/runner/debugger/dap/ide/DapDebugRunnerBase.java	done
src/main/java/com/intellij/plugins/haxe/runner/debugger/dap/ide/DapDebuggerEvaluator.java	done
src/main/java/com/intellij/plugins/haxe/runner/debugger/dap/ide/DapExecutableRunConfigurationBase.java	done
src/main/java/com/intellij/plugins/haxe/runner/debugger/dap/ide/DapExecutableRunConfigurationEditorBase.java	done
src/main/java/com/intellij/plugins/haxe/runner/debugger/dap/ide/DapExecutionStack.java	done
src/main/java/com/intellij/plugins/haxe/runner/debugger/dap/ide/DapRunConfigurationBase.java	done
src/main/java/com/intellij/plugins/haxe/runner/debugger/dap/ide/DapRuntimeCompletionContributor.java	done
src/main/java/com/intellij/plugins/haxe/runner/debugger/dap/ide/DapScopeGroup.java	done
src/main/java/com/intellij/plugins/haxe/runner/debugger/dap/ide/DapSmartStepIntoHandler.java	done
src/main/java/com/intellij/plugins/haxe/runner/debugger/dap/ide/DapSourceResolver.java	done
src/main/java/com/intellij/plugins/haxe/runner/debugger/dap/ide/DapStackFrame.java	done
src/main/java/com/intellij/plugins/haxe/runner/debugger/dap/ide/DapSuspendContext.java	done
src/main/java/com/intellij/plugins/haxe/runner/debugger/dap/ide/DapValue.java	done
src/main/java/com/intellij/plugins/haxe/runner/debugger/dap/ide/FqnNavigateLink.java	done
src/main/java/com/intellij/plugins/haxe/runner/debugger/dap/ide/PsiResolvedSmartStepHandler.java	done
src/main/java/com/intellij/plugins/haxe/runner/debugger/exceptions/HaxeExceptionBreakpointProperties.java	done
src/main/java/com/intellij/plugins/haxe/runner/debugger/exceptions/HaxeExceptionBreakpointPropertiesPanel.java	done
src/main/java/com/intellij/plugins/haxe/runner/debugger/exceptions/HaxeExceptionBreakpointType.java	done
src/main/java/com/intellij/plugins/haxe/runner/debugger/flash/FlashConfigurationFactory.java	done
src/main/java/com/intellij/plugins/haxe/runner/debugger/flash/FlashDebugRunner.java	done
src/main/java/com/intellij/plugins/haxe/runner/debugger/flash/FlashRunConfiguration.java	done
src/main/java/com/intellij/plugins/haxe/runner/debugger/flash/FlashRunConfigurationEditor.java	done
src/main/java/com/intellij/plugins/haxe/runner/debugger/flash/FlashRunner.java	done
src/main/java/com/intellij/plugins/haxe/runner/debugger/hashlink/HashLinkAdapterLauncher.java	done
src/main/java/com/intellij/plugins/haxe/runner/debugger/hashlink/HashLinkBackend.java	done
src/main/java/com/intellij/plugins/haxe/runner/debugger/hashlink/HashLinkConfigurationFactory.java	done
src/main/java/com/intellij/plugins/haxe/runner/debugger/hashlink/HashLinkDebugRunner.java	done
src/main/java/com/intellij/plugins/haxe/runner/debugger/hashlink/HashLinkExpressionQualifier.java	done
src/main/java/com/intellij/plugins/haxe/runner/debugger/hashlink/HashLinkRegistersPanel.java	done
src/main/java/com/intellij/plugins/haxe/runner/debugger/hashlink/HashLinkRunConfiguration.java	done
src/main/java/com/intellij/plugins/haxe/runner/debugger/hashlink/HashLinkRunConfigurationEditor.java	done
src/main/java/com/intellij/plugins/haxe/runner/debugger/hashlink/HashLinkRunConfigurations.java	done
src/main/java/com/intellij/plugins/haxe/runner/debugger/hashlink/HashLinkRunner.java	done
src/main/java/com/intellij/plugins/haxe/runner/debugger/hashlink/HashLinkSmartStepIntoHandler.java	done
src/main/java/com/intellij/plugins/haxe/runner/debugger/hashlink/HashLinkSourceResolver.java	done
src/main/java/com/intellij/plugins/haxe/runner/debugger/hashlink/HlBuildSniffer.java	done
src/main/java/com/intellij/plugins/haxe/runner/debugger/hashlink/HlExecutableResolver.java	done
src/main/java/com/intellij/plugins/haxe/runner/debugger/hxcpp/intellij/HxcppIntellijBackend.java	done
src/main/java/com/intellij/plugins/haxe/runner/debugger/hxcpp/intellij/HxcppIntellijConfigurationFactory.java	done
src/main/java/com/intellij/plugins/haxe/runner/debugger/hxcpp/intellij/HxcppIntellijDebugRunner.java	done
src/main/java/com/intellij/plugins/haxe/runner/debugger/hxcpp/intellij/HxcppIntellijRunConfiguration.java	done
src/main/java/com/intellij/plugins/haxe/runner/debugger/hxcpp/intellij/HxcppIntellijRunConfigurationEditor.java	done
src/main/java/com/intellij/plugins/haxe/runner/debugger/hxcpp/intellij/HxcppIntellijRunner.java	done
src/main/java/com/intellij/plugins/haxe/runner/debugger/hxcpp/legacy/LegacyHxcppConfigurationFactory.java	done
src/main/java/com/intellij/plugins/haxe/runner/debugger/hxcpp/legacy/LegacyHxcppDebugProcess.java	done
src/main/java/com/intellij/plugins/haxe/runner/debugger/hxcpp/legacy/LegacyHxcppDebugRunner.java	done
src/main/java/com/intellij/plugins/haxe/runner/debugger/hxcpp/legacy/LegacyHxcppRunConfiguration.java	done
src/main/java/com/intellij/plugins/haxe/runner/debugger/hxcpp/legacy/LegacyHxcppRunConfigurationEditor.java	done
src/main/java/com/intellij/plugins/haxe/runner/debugger/hxcpp/legacy/LegacyHxcppRunner.java	done
src/main/java/com/intellij/plugins/haxe/runner/debugger/hxcpp/vshaxe/HxcppVshaxeBackend.java	done
src/main/java/com/intellij/plugins/haxe/runner/debugger/hxcpp/vshaxe/HxcppVshaxeConfigurationFactory.java	done
src/main/java/com/intellij/plugins/haxe/runner/debugger/hxcpp/vshaxe/HxcppVshaxeDebugRunner.java	done
src/main/java/com/intellij/plugins/haxe/runner/debugger/hxcpp/vshaxe/HxcppVshaxeRunConfiguration.java	done
src/main/java/com/intellij/plugins/haxe/runner/debugger/hxcpp/vshaxe/HxcppVshaxeRunConfigurationEditor.java	done
src/main/java/com/intellij/plugins/haxe/runner/debugger/hxcpp/vshaxe/HxcppVshaxeRunner.java	done
src/main/java/com/intellij/plugins/haxe/runner/debugger/interp/InterpConfigurationFactory.java	done
src/main/java/com/intellij/plugins/haxe/runner/debugger/interp/InterpDapBackend.java	done
src/main/java/com/intellij/plugins/haxe/runner/debugger/interp/InterpDebugRunner.java	done
src/main/java/com/intellij/plugins/haxe/runner/debugger/interp/InterpRunConfiguration.java	done
src/main/java/com/intellij/plugins/haxe/runner/debugger/interp/InterpRunConfigurationEditor.java	done
src/main/java/com/intellij/plugins/haxe/runner/debugger/interp/InterpRunner.java	done
src/main/java/com/intellij/plugins/haxe/util/HaxeAddImportHelper.java	done
src/main/java/com/intellij/plugins/haxe/util/HaxeHelpUtil.java	done
src/main/java/com/intellij/plugins/haxe/util/HaxeModuleDetection.java	done
src/main/java/com/intellij/plugins/haxe/util/HaxeNamedSubComponentUtil.java	done
src/main/java/com/intellij/plugins/haxe/util/HaxePluginPaths.java	done
src/main/java/com/intellij/plugins/haxe/util/HaxeResolveUtil.java	done
src/main/java/com/intellij/plugins/haxe/util/UsefulPsiTreeUtil.java	done
src/main/java/com/intellij/plugins/haxe/v2/buildsystem/HaxeBuildFileInfo.java	done
src/main/java/com/intellij/plugins/haxe/v2/buildsystem/HaxeBuildFileInspector.java	done
src/main/java/com/intellij/plugins/haxe/v2/buildsystem/HaxeBuildFileNavigation.java	done
src/main/java/com/intellij/plugins/haxe/v2/buildsystem/HxmlFileParser.java	done
src/main/java/com/intellij/plugins/haxe/v2/buildsystem/ProjectXmlParser.java	done
src/main/java/com/intellij/plugins/haxe/v2/buildtools/HaxeBuildConfigListener.java	done
src/main/java/com/intellij/plugins/haxe/v2/buildtools/HaxeBuildFilesProjectAware.java	done
src/main/java/com/intellij/plugins/haxe/v2/buildtools/HaxeCompilationServerListener.java	done
src/main/java/com/intellij/plugins/haxe/v2/buildtools/HaxeCompilationServerManager.java	done
src/main/java/com/intellij/plugins/haxe/v2/buildtools/HaxeCompileCommands.java	done
src/main/java/com/intellij/plugins/haxe/v2/buildtools/HaxeContainers.java	done
src/main/java/com/intellij/plugins/haxe/v2/buildtools/HaxeDefineContextService.java	done
src/main/java/com/intellij/plugins/haxe/v2/buildtools/HaxeLibrarySync.java	done
src/main/java/com/intellij/plugins/haxe/v2/buildtools/HaxeLimeProjectInfoService.java	done
src/main/java/com/intellij/plugins/haxe/v2/buildtools/HaxeProjectSync.java	done
src/main/java/com/intellij/plugins/haxe/v2/buildtools/HaxeProjectTaskRunner.java	done
src/main/java/com/intellij/plugins/haxe/v2/buildtools/HaxeToolPathResolver.java	done
src/main/java/com/intellij/plugins/haxe/v2/buildtools/HaxelibPathParser.java	done
src/main/java/com/intellij/plugins/haxe/v2/buildtools/HxmlProjects.java	done
src/main/java/com/intellij/plugins/haxe/v2/buildtools/LimeProjects.java	done
src/main/java/com/intellij/plugins/haxe/v2/buildtools/settings/HaxeBuildToolProjectSettings.java	done
src/main/java/com/intellij/plugins/haxe/v2/buildtools/settings/HaxeBuildToolSettings.java	done
src/main/java/com/intellij/plugins/haxe/v2/buildtools/settings/ui/HaxeBuildToolsConfigurable.java	done
src/main/java/com/intellij/plugins/haxe/v2/buildtools/settings/ui/HaxeBuildToolsSettingsPanel.java	done
src/main/java/com/intellij/plugins/haxe/v2/compiler/HaxeLanguageLevel.java	done
src/main/java/com/intellij/plugins/haxe/v2/compiler/HaxeLanguageLevelUtil.java	done
src/main/java/com/intellij/plugins/haxe/v2/compiler/settings/HaxeCompilerProjectSettings.java	done
src/main/java/com/intellij/plugins/haxe/v2/compiler/settings/HaxeCompilerSettings.java	done
src/main/java/com/intellij/plugins/haxe/v2/compiler/settings/ui/HaxeCompilerConfigurable.java	done
src/main/java/com/intellij/plugins/haxe/v2/compiler/settings/ui/HaxeCompilerSettingsPanel.java	done
src/main/java/com/intellij/plugins/haxe/v2/display/HaxeBlueprintCompletionContributor.java	done
src/main/java/com/intellij/plugins/haxe/v2/display/HaxeCompilerDiagnosticsAnnotator.java	done
src/main/java/com/intellij/plugins/haxe/v2/display/HaxeCompilerDisplayService.java	done
src/main/java/com/intellij/plugins/haxe/v2/display/HaxeCompilerMetadataService.java	done
src/main/java/com/intellij/plugins/haxe/v2/display/HaxeCompilerProblemMarker.java	done
src/main/java/com/intellij/plugins/haxe/v2/display/HaxeCompilerResolveService.java	done
src/main/java/com/intellij/plugins/haxe/v2/display/HaxeCompilerUsageService.java	done
src/main/java/com/intellij/plugins/haxe/v2/display/HaxeDisplayCacheInvalidator.java	done
src/main/java/com/intellij/plugins/haxe/v2/display/HaxeUsageSearch.java	done
src/main/java/com/intellij/plugins/haxe/v2/runconfig/HaxeActionBeforeRunDialog.java	done
src/main/java/com/intellij/plugins/haxe/v2/runconfig/HaxeActionBeforeRunTaskProvider.java	done
src/main/java/com/intellij/plugins/haxe/v2/runconfig/HaxeActionConfigurationFactory.java	done
src/main/java/com/intellij/plugins/haxe/v2/runconfig/HaxeActionRunConfiguration.java	done
src/main/java/com/intellij/plugins/haxe/v2/runconfig/HaxeActionRunConfigurationEditor.java	done
src/main/java/com/intellij/plugins/haxe/v2/runconfig/HaxeActionRunner.java	done
src/main/java/com/intellij/plugins/haxe/v2/runconfig/HaxeDebugAdditions.java	done
src/main/java/com/intellij/plugins/haxe/v2/runconfig/HaxeProgramLaunches.java	done
src/main/java/com/intellij/plugins/haxe/v2/toolwindow/HaxeActiveBuildFileStore.java	done
src/main/java/com/intellij/plugins/haxe/v2/toolwindow/HaxeBuildFilesStore.java	done
src/main/java/com/intellij/plugins/haxe/v2/toolwindow/HaxeCommandRunner.java	done
src/main/java/com/intellij/plugins/haxe/v2/toolwindow/HaxeCustomActionsStore.java	done
src/main/java/com/intellij/plugins/haxe/v2/toolwindow/HaxeEnvironmentStore.java	done
src/main/java/com/intellij/plugins/haxe/v2/toolwindow/HaxeServerConsoleWindowFactory.java	done
src/main/java/com/intellij/plugins/haxe/v2/toolwindow/HaxeTargetOptions.java	done
src/main/java/com/intellij/plugins/haxe/v2/toolwindow/HaxeTargetSelectionStore.java	done
src/main/java/com/intellij/plugins/haxe/v2/toolwindow/HaxeToolWindowFactory.java	done
src/main/java/com/intellij/plugins/haxe/v2/toolwindow/HaxeToolWindowModelBuilder.java	done
src/main/java/com/intellij/plugins/haxe/v2/toolwindow/HaxeToolWindowNavigation.java	done
src/main/java/com/intellij/plugins/haxe/v2/toolwindow/HaxeToolWindowPanel.java	done
src/main/java/com/intellij/plugins/haxe/v2/toolwindow/actions/DefinePrompt.java	done
src/main/java/com/intellij/plugins/haxe/v2/toolwindow/actions/HaxeAddBuildFileAction.java	done
src/main/java/com/intellij/plugins/haxe/v2/toolwindow/actions/HaxeAddCustomActionAction.java	done
src/main/java/com/intellij/plugins/haxe/v2/toolwindow/actions/HaxeAddDefineAction.java	done
src/main/java/com/intellij/plugins/haxe/v2/toolwindow/actions/HaxeAddModuleAction.java	done
src/main/java/com/intellij/plugins/haxe/v2/toolwindow/actions/HaxeConfigureCompileCommandAction.java	done
src/main/java/com/intellij/plugins/haxe/v2/toolwindow/actions/HaxeConfigureEnvironmentAction.java	done
src/main/java/com/intellij/plugins/haxe/v2/toolwindow/actions/HaxeEditCustomActionAction.java	done
src/main/java/com/intellij/plugins/haxe/v2/toolwindow/actions/HaxeEditDefineAction.java	done
src/main/java/com/intellij/plugins/haxe/v2/toolwindow/actions/HaxeExecuteCommandAction.java	done
src/main/java/com/intellij/plugins/haxe/v2/toolwindow/actions/HaxeInstallLibraryAction.java	done
src/main/java/com/intellij/plugins/haxe/v2/toolwindow/actions/HaxePurgeCachesAction.java	done
src/main/java/com/intellij/plugins/haxe/v2/toolwindow/actions/HaxeReloadBuildFileAction.java	done
src/main/java/com/intellij/plugins/haxe/v2/toolwindow/actions/HaxeRemoveBuildFileAction.java	done
src/main/java/com/intellij/plugins/haxe/v2/toolwindow/actions/HaxeRemoveCustomActionAction.java	done
src/main/java/com/intellij/plugins/haxe/v2/toolwindow/actions/HaxeRemoveDefineAction.java	done
src/main/java/com/intellij/plugins/haxe/v2/toolwindow/actions/HaxeRemoveModuleAction.java	done
src/main/java/com/intellij/plugins/haxe/v2/toolwindow/actions/HaxeRunActionNodeAction.java	done
src/main/java/com/intellij/plugins/haxe/v2/toolwindow/actions/HaxeRunCompileCommandAction.java	done
src/main/java/com/intellij/plugins/haxe/v2/toolwindow/actions/HaxeRunProgramAction.java	done
src/main/java/com/intellij/plugins/haxe/v2/toolwindow/actions/HaxeSelectEnvironmentSdkAction.java	done
src/main/java/com/intellij/plugins/haxe/v2/toolwindow/actions/HaxeSelectTargetAction.java	done
src/main/java/com/intellij/plugins/haxe/v2/toolwindow/actions/HaxeSetActiveBuildFileAction.java	done
src/main/java/com/intellij/plugins/haxe/v2/toolwindow/actions/HaxeSetAsCompileCommandAction.java	done
src/main/java/com/intellij/plugins/haxe/v2/toolwindow/actions/HaxeSettingsActionGroup.java	done
src/main/java/com/intellij/plugins/haxe/v2/toolwindow/actions/HaxeSyncProjectAction.java	done
src/main/java/com/intellij/plugins/haxe/v2/toolwindow/tree/HaxeBuildFile.java	done
src/main/java/com/intellij/plugins/haxe/v2/toolwindow/tree/HaxeBuildFileScanner.java	done
src/main/java/com/intellij/plugins/haxe/v2/toolwindow/tree/HaxeBuildFileType.java	done
src/main/java/com/intellij/plugins/haxe/v2/toolwindow/tree/HaxeToolWindowNodes.java	done
src/main/java/com/intellij/plugins/haxe/v2/toolwindow/tree/HaxeToolWindowTreeRenderer.java	done
src/main/java/com/intellij/plugins/haxe/v2/toolwindow/ui/HaxeCompileCommandDialog.java	done
src/main/java/com/intellij/plugins/haxe/v2/toolwindow/ui/HaxeCustomActionDialog.java	done
src/main/java/com/intellij/plugins/haxe/v2/toolwindow/ui/HaxeEnvironmentDialog.java	done
src/main/java/com/intellij/plugins/haxe/v2/wizard/HaxeModuleBuilder.java	done
src/main/java/icons/HaxeIcons.java	done
src/main/kotlin/com/intellij/plugins/haxe/v2/HaxeV2ProjectActivity.kt	done
src/main/kotlin/com/intellij/plugins/haxe/v2/buildtools/HaxeLibraryWorkspace.kt	done
src/main/kotlin/com/intellij/plugins/haxe/v2/buildtools/HaxeModuleSdkApplier.kt	done
src/main/kotlin/com/intellij/plugins/haxe/v2/buildtools/HaxeModuleWorkspace.kt	done
src/main/kotlin/com/intellij/plugins/haxe/v2/buildtools/HaxeSourceRootsInitializer.kt	done
src/main/kotlin/com/intellij/plugins/haxe/v2/migration/HaxeV1MigrationStartup.kt	done
src/main/kotlin/com/intellij/plugins/haxe/v2/migration/HaxeV1Migrator.kt	done
src/main/kotlin/com/intellij/plugins/haxe/v2/wizard/HaxeNewProjectWizard.kt	done
src/test/java/com/intellij/codeInsight/AbstractEnterActionTestCase.java	done
src/test/java/com/intellij/plugins/haxe/HaxeCodeInsightFixtureTestCase.java	done
src/test/java/com/intellij/plugins/haxe/HaxeLightCodeInsightTestBase.java	done
src/test/java/com/intellij/plugins/haxe/HaxeMultiFileTestBase.java	done
src/test/java/com/intellij/plugins/haxe/actions/HaxeFindUsagesTest.java	done
src/test/java/com/intellij/plugins/haxe/actions/HaxeGenerateActionTest.java	done
src/test/java/com/intellij/plugins/haxe/actions/HaxeGoToDeclarationActionTest.java	done
src/test/java/com/intellij/plugins/haxe/actions/HaxeGoToImplementationTest.java	done
src/test/java/com/intellij/plugins/haxe/actions/HaxeGoToSuperTest.java	done
src/test/java/com/intellij/plugins/haxe/actions/HaxeRenameTest.java	done
src/test/java/com/intellij/plugins/haxe/actions/HaxeTestFinderTest.java	done
src/test/java/com/intellij/plugins/haxe/actions/HaxeTypeAddImportIntentionActionTest.java	done
src/test/java/com/intellij/plugins/haxe/actions/move/updown/HaxeMoveTestBase.java	done
src/test/java/com/intellij/plugins/haxe/actions/move/updown/declarations/HaxeClassesMoveTest.java	done
src/test/java/com/intellij/plugins/haxe/actions/move/updown/declarations/HaxeModuleMoveTest.java	done
src/test/java/com/intellij/plugins/haxe/actions/move/updown/statements/HaxeIfElseScopesMoveTest.java	done
src/test/java/com/intellij/plugins/haxe/actions/move/updown/statements/HaxeSwitchScopeMoveTest.java	done
src/test/java/com/intellij/plugins/haxe/actions/move/updown/statements/HaxeTryCatchScopesMoveTest.java	done
src/test/java/com/intellij/plugins/haxe/actions/move/updown/statements/HaxeVariableMoveTest.java	done
src/test/java/com/intellij/plugins/haxe/compiler/HaxeCompilerMessageTest.java	done
src/test/java/com/intellij/plugins/haxe/editor/HaxeEnterActionTest.java	done
src/test/java/com/intellij/plugins/haxe/editor/HaxeSmartEnterTest.java	done
src/test/java/com/intellij/plugins/haxe/haxelib/MetadataTest.java	done
src/test/java/com/intellij/plugins/haxe/ide/HaxeAccessAnnotatorTest.java	done
src/test/java/com/intellij/plugins/haxe/ide/HaxeAllowAccessAnnotatorTest.java	done
src/test/java/com/intellij/plugins/haxe/ide/HaxeAnnotationTest.java	done
src/test/java/com/intellij/plugins/haxe/ide/HaxeCompilerErrorParsingTest.java	done
src/test/java/com/intellij/plugins/haxe/ide/HaxeGotoSymbolContributorTest.java	done
src/test/java/com/intellij/plugins/haxe/ide/HaxeImportOptimizerTest.java	done
src/test/java/com/intellij/plugins/haxe/ide/HaxeLanguageLevelGatingTest.java	done
src/test/java/com/intellij/plugins/haxe/ide/HaxeLiveTemplatesTest.java	done
src/test/java/com/intellij/plugins/haxe/ide/HaxeSemanticAnnotatorTest.java	done
src/test/java/com/intellij/plugins/haxe/ide/HaxeSemanticAnnotatorTestBase.java	done
src/test/java/com/intellij/plugins/haxe/ide/HaxeSurroundTest.java	done
src/test/java/com/intellij/plugins/haxe/ide/HaxeUnusedAnnotatorTest.java	done
src/test/java/com/intellij/plugins/haxe/ide/info/HaxeParameterInfoTest.java	done
src/test/java/com/intellij/plugins/haxe/ide/inlay/HaxeCaptureVariableInlayTest.java	done
src/test/java/com/intellij/plugins/haxe/ide/inlay/HaxeEnumExtractorInlayTest.java	done
src/test/java/com/intellij/plugins/haxe/ide/inlay/HaxeFieldTypeInlayTest.java	done
src/test/java/com/intellij/plugins/haxe/ide/inlay/HaxeForLoopInlayTest.java	done
src/test/java/com/intellij/plugins/haxe/ide/inlay/HaxeInlayTestBase.java	done
src/test/java/com/intellij/plugins/haxe/ide/inlay/HaxeLocalVarInlayTest.java	done
src/test/java/com/intellij/plugins/haxe/ide/inlay/HaxeMethodParameterInlayTest.java	done
src/test/java/com/intellij/plugins/haxe/ide/inlay/HaxeReturnTypeInlayTest.java	done
src/test/java/com/intellij/plugins/haxe/ide/inlay/HaxeUntypedParameterInlayTest.java	done
src/test/java/com/intellij/plugins/haxe/ide/inlay/all/HaxeAllInlayTest.java	done
src/test/java/com/intellij/plugins/haxe/ide/inlay/resolve/HaxeTestUntypedUnificationTest.java	done
src/test/java/com/intellij/plugins/haxe/ide/inlay/semantic/HaxeInlayForSemanticTest.java	done
src/test/java/com/intellij/plugins/haxe/ide/inspections/HaxeDeprecatedInspectionTest.java	done
src/test/java/com/intellij/plugins/haxe/ide/inspections/HaxeUnusedImportInspectionTest.java	done
src/test/java/com/intellij/plugins/haxe/ide/quickfix/HaxeQuickFixTestBase.java	done
src/test/java/com/intellij/plugins/haxe/ide/quickfix/HeavyHaxeQuickFixTest.java	done
src/test/java/com/intellij/plugins/haxe/ide/quickfix/unresolved/UnresolvedFunctionQuickFixTest.java	done
src/test/java/com/intellij/plugins/haxe/ide/quickfix/unresolved/UnresolvedMethodQuickFixTest.java	done
src/test/java/com/intellij/plugins/haxe/ide/quickfix/unresolved/UnresolvedParamterQuickFixTest.java	done
src/test/java/com/intellij/plugins/haxe/ide/quickfix/unresolved/UnresolvedVarQuickFixTest.java	done
src/test/java/com/intellij/plugins/haxe/ide/refactoring/HaxeMoveTest.java	done
src/test/java/com/intellij/plugins/haxe/ide/refactoring/introduceVariable/HaxeIntroduceTestBase.java	done
src/test/java/com/intellij/plugins/haxe/ide/refactoring/introduceVariable/HaxeIntroduceVariableTest.java	done
src/test/java/com/intellij/plugins/haxe/lang/HaxeFormatterTest.java	done
src/test/java/com/intellij/plugins/haxe/lang/completion/ClassNameCompletionTest.java	done
src/test/java/com/intellij/plugins/haxe/lang/completion/EditorCompletionTest.java	done
src/test/java/com/intellij/plugins/haxe/lang/completion/HaxeCompletionTestBase.java	done
src/test/java/com/intellij/plugins/haxe/lang/completion/KeywordCompletionTest.java	done
src/test/java/com/intellij/plugins/haxe/lang/completion/MetadataCompletionTest.java	done
src/test/java/com/intellij/plugins/haxe/lang/completion/ModuleCompletionTest.java	done
src/test/java/com/intellij/plugins/haxe/lang/completion/PropertyAcessorCompletionTest.java	done
src/test/java/com/intellij/plugins/haxe/lang/completion/ReferenceCompletionTest.java	done
src/test/java/com/intellij/plugins/haxe/lang/completion/SmartCompletionTest.java	done
src/test/java/com/intellij/plugins/haxe/lang/completion/SyntheticCompletionTest.java	done
src/test/java/com/intellij/plugins/haxe/lang/parser/HaxeParsingTestBase.java	done
src/test/java/com/intellij/plugins/haxe/lang/parser/HxmlParsingTestBase.java	done
src/test/java/com/intellij/plugins/haxe/lang/parser/declarations/AnonymousTypesTest.java	done
src/test/java/com/intellij/plugins/haxe/lang/parser/declarations/ClassDeclarationTest.java	done
src/test/java/com/intellij/plugins/haxe/lang/parser/declarations/EnumDeclarationTest.java	done
src/test/java/com/intellij/plugins/haxe/lang/parser/declarations/ExternDeclarationTest.java	done
src/test/java/com/intellij/plugins/haxe/lang/parser/declarations/FunctionDeclarationTest.java	done
src/test/java/com/intellij/plugins/haxe/lang/parser/declarations/FunctionTypeSyntaxTest.java	done
src/test/java/com/intellij/plugins/haxe/lang/parser/declarations/ImportDeclarationTest.java	done
src/test/java/com/intellij/plugins/haxe/lang/parser/declarations/ModuleDeclarationTest.java	done
src/test/java/com/intellij/plugins/haxe/lang/parser/declarations/PackageDeclarationTest.java	done
src/test/java/com/intellij/plugins/haxe/lang/parser/declarations/PropertyDeclarationTest.java	done
src/test/java/com/intellij/plugins/haxe/lang/parser/declarations/TypedefDeclarationTest.java	done
src/test/java/com/intellij/plugins/haxe/lang/parser/declarations/VarOrConstDeclarationTest.java	done
src/test/java/com/intellij/plugins/haxe/lang/parser/expressions/ExpressionTest.java	done
src/test/java/com/intellij/plugins/haxe/lang/parser/hxml/SimpleHxmlTest.java	done
src/test/java/com/intellij/plugins/haxe/lang/parser/reification/ReificationTest.java	done
src/test/java/com/intellij/plugins/haxe/lang/parser/statements/BreakTest.java	done
src/test/java/com/intellij/plugins/haxe/lang/parser/statements/ConditionalCompilationTest.java	done
src/test/java/com/intellij/plugins/haxe/lang/parser/statements/ContinueTest.java	done
src/test/java/com/intellij/plugins/haxe/lang/parser/statements/ExceptionTest.java	done
src/test/java/com/intellij/plugins/haxe/lang/parser/statements/ForTest.java	done
src/test/java/com/intellij/plugins/haxe/lang/parser/statements/IfTest.java	done
src/test/java/com/intellij/plugins/haxe/lang/parser/statements/ReturnTest.java	done
src/test/java/com/intellij/plugins/haxe/lang/parser/statements/SwitchTest.java	done
src/test/java/com/intellij/plugins/haxe/lang/parser/statements/WhileTest.java	done
src/test/java/com/intellij/plugins/haxe/lang/parser/tests/UnitTest.java	done
src/test/java/com/intellij/plugins/haxe/lang/psi/stubs/HaxeStubIndexTest.java	done
src/test/java/com/intellij/plugins/haxe/resolve/HaxeExpressionResolveTest.java	done
src/test/java/com/intellij/plugins/haxe/resolve/HaxeImportTest.java	done
src/test/java/com/intellij/plugins/haxe/resolve/HaxeModuleTest.java	done
src/test/java/com/intellij/plugins/haxe/resolve/HaxeResolveTest.java	done
src/test/java/com/intellij/plugins/haxe/resolve/HaxeResolveVariableTest.java	done
src/test/java/com/intellij/plugins/haxe/runner/debugger/HaxeCodeFragmentCompletionTest.java	done
src/test/java/com/intellij/plugins/haxe/runner/debugger/HaxeCodeFragmentReparseTest.java	done
src/test/java/com/intellij/plugins/haxe/runner/debugger/HaxeSetValueCompletionSuppressionTest.java	done
src/test/java/com/intellij/plugins/haxe/runner/debugger/HaxeVariableSourceNavigatorTest.java	done
src/test/java/com/intellij/plugins/haxe/runner/debugger/browser/BrowserRunConfigurationPersistenceTest.java	done
src/test/java/com/intellij/plugins/haxe/runner/debugger/hashlink/HashLinkExpressionQualifierTest.java	done
src/test/java/com/intellij/plugins/haxe/runner/debugger/hashlink/HashLinkSmartStepIntoOrderTest.java	done
src/test/java/com/intellij/plugins/haxe/runner/debugger/hashlink/HlBuildSnifferTest.java	done
src/test/java/com/intellij/plugins/haxe/runner/debugger/hashlink/HlExecutableResolverTest.java	done
src/test/java/com/intellij/plugins/haxe/v2/buildsystem/HaxeBuildFileNavigationTest.java	done
src/test/java/com/intellij/plugins/haxe/v2/buildsystem/HxmlFileParserTest.java	done
src/test/java/com/intellij/plugins/haxe/v2/buildsystem/ProjectXmlParserTest.java	done
src/test/java/com/intellij/plugins/haxe/v2/buildtools/HaxelibPathParserTest.java	done
src/test/java/com/intellij/plugins/haxe/v2/buildtools/settings/HaxeBuildToolProjectSettingsTest.java	done
src/test/java/com/intellij/plugins/haxe/v2/compiler/HaxeLanguageLevelTest.java	done
src/test/java/com/intellij/plugins/haxe/v2/compiler/settings/HaxeCompilerProjectSettingsTest.java	done
src/test/java/com/intellij/plugins/haxe/v2/toolwindow/HaxeActiveBuildFileStoreTest.java	done
src/test/java/com/intellij/plugins/haxe/v2/toolwindow/HaxeBuildFilesStoreTest.java	done
src/test/java/com/intellij/plugins/haxe/v2/toolwindow/HaxeCustomActionsStoreTest.java	done
src/test/java/com/intellij/plugins/haxe/v2/toolwindow/HaxeEnvironmentStoreTest.java	done
src/test/java/com/intellij/plugins/haxe/v2/toolwindow/HaxeTargetOptionsTest.java	done
src/test/resources/testData/annotation.languagelevel/AbstractClassAt42.hx	done
src/test/resources/testData/annotation.languagelevel/AbstractMethodBelow42.hx	done
src/test/resources/testData/annotation.languagelevel/AbstractMethodInNonAbstractClassAt42.hx	done
src/test/resources/testData/annotation.languagelevel/AbstractModifierBelow42.hx	done
src/test/resources/testData/annotation.languagelevel/ArrowFunctionAt40.hx	done
src/test/resources/testData/annotation.languagelevel/ArrowFunctionBelow40.hx	done
src/test/resources/testData/annotation.languagelevel/BinaryLiteralsAt50.hx	done
src/test/resources/testData/annotation.languagelevel/BinaryLiteralsWarnBelow50.hx	done
src/test/resources/testData/annotation.languagelevel/CustomAccessorNamesBelow40.hx	done
src/test/resources/testData/annotation.languagelevel/CustomAccessorNamesRemovedAt40.hx	done
src/test/resources/testData/annotation.languagelevel/DefaultTypeParametersAt43.hx	done
src/test/resources/testData/annotation.languagelevel/DefaultTypeParametersBelow43.hx	done
src/test/resources/testData/annotation.languagelevel/EnumAbstractAt40.hx	done
src/test/resources/testData/annotation.languagelevel/EnumAbstractBelow40.hx	done
src/test/resources/testData/annotation.languagelevel/FinalKeywordAt40.hx	done
src/test/resources/testData/annotation.languagelevel/FinalKeywordBelow40.hx	done
src/test/resources/testData/annotation.languagelevel/IsExpressionAt42.hx	done
src/test/resources/testData/annotation.languagelevel/IsExpressionPre42Semantics.hx	done
src/test/resources/testData/annotation.languagelevel/ModuleLevelFunctionAt42.hx	done
src/test/resources/testData/annotation.languagelevel/ModuleLevelFunctionBelow42.hx	done
src/test/resources/testData/annotation.languagelevel/NullCoalescingAt43.hx	done
src/test/resources/testData/annotation.languagelevel/NullCoalescingBelow43.hx	done
src/test/resources/testData/annotation.languagelevel/SafeNavigationAt43.hx	done
src/test/resources/testData/annotation.languagelevel/SafeNavigationBelow43.hx	done
src/test/resources/testData/annotation.languagelevel/StdIsDeprecatedAt41.hx	done
src/test/resources/testData/annotation.languagelevel/StdIsNotDeprecatedBelow41.hx	done
src/test/resources/testData/annotation.languagelevel/UntypedCatchAt41.hx	done
src/test/resources/testData/annotation.languagelevel/UntypedCatchBelow41.hx	done
src/test/resources/testData/annotation.semantic/InitializeObjectWithGenericFunction.hx	done
src/test/resources/testData/annotation.semantic/TypeTagsTypesInParentheses.hx	done
src/test/resources/testData/goto/FunctionParameter2.hx	done
tools/LimeProjectParser/src/main/haxe/limeparser/HaxelibLookup.hx	done
tools/LimeProjectParser/src/main/haxe/limeparser/HxpEvaluator.hx	done
tools/LimeProjectParser/src/main/haxe/limeparser/Main.hx	done
tools/LimeProjectParser/src/main/haxe/limeparser/ProjectXmlEvaluator.hx	done
tools/LimeProjectParser/src/main/resources/HxpRunner.hx	done
tools/LimeProjectParser/src/test/haxe/limeparser/IntegrationMain.hx	done
tools/LimeProjectParser/src/test/haxe/limeparser/TestMain.hx	done
